arm,seed,split_id,candidate_id,reason,validation_score,locked_score_if_computed,why_not_selected
Unconstrained Portfolio Harness Search,0,6,Unconstrained Portfolio Harness Search-0-2,POLICY_SPECIFICATION_CHANGED;FUTURE_RETURN_LEAKAGE;CLEAN_PANEL_W_STAR_CHANGED,3.774014723762572,0.940565894935072,FAILED_HARD_GATE
Unconstrained Portfolio Harness Search,0,0,Unconstrained Portfolio Harness Search-0-2,POLICY_SPECIFICATION_CHANGED;FUTURE_RETURN_LEAKAGE;CLEAN_PANEL_W_STAR_CHANGED,3.2525434013587478,0.6372042483194037,FAILED_HARD_GATE
Unconstrained Portfolio Harness Search,0,5,Unconstrained Portfolio Harness Search-0-2,POLICY_SPECIFICATION_CHANGED;FUTURE_RETURN_LEAKAGE;CLEAN_PANEL_W_STAR_CHANGED,2.930099049082246,0.7942991900447847,FAILED_HARD_GATE
Unconstrained Portfolio Harness Search,0,4,Unconstrained Portfolio Harness Search-0-2,POLICY_SPECIFICATION_CHANGED;FUTURE_RETURN_LEAKAGE;CLEAN_PANEL_W_STAR_CHANGED,2.7384717269214933,1.19942771365238,FAILED_HARD_GATE
Unconstrained Portfolio Harness Search,0,1,Unconstrained Portfolio Harness Search-0-2,POLICY_SPECIFICATION_CHANGED;FUTURE_RETURN_LEAKAGE;CLEAN_PANEL_W_STAR_CHANGED,2.6439490477903007,0.5184181628566008,FAILED_HARD_GATE
Unconstrained Portfolio Harness Search,0,3,Unconstrained Portfolio Harness Search-0-2,POLICY_SPECIFICATION_CHANGED;FUTURE_RETURN_LEAKAGE;CLEAN_PANEL_W_STAR_CHANGED,2.2963268676307678,1.414924438728438,FAILED_HARD_GATE
Unconstrained Portfolio Harness Search,0,2,Unconstrained Portfolio Harness Search-0-2,POLICY_SPECIFICATION_CHANGED;FUTURE_RETURN_LEAKAGE;CLEAN_PANEL_W_STAR_CHANGED,2.0856862551078983,1.0777143442746968,FAILED_HARD_GATE
Unconstrained Portfolio Harness Search,0,0,Unconstrained Portfolio Harness Search-0-9,POLICY_SPECIFICATION_CHANGED;FUTURE_RETURN_LEAKAGE;CLEAN_PANEL_W_STAR_CHANGED,0.7275282077759577,0.0015615273058397,FAILED_HARD_GATE
Unconstrained Portfolio Harness Search,0,6,Unconstrained Portfolio Harness Search-0-9,POLICY_SPECIFICATION_CHANGED;FUTURE_RETURN_LEAKAGE;CLEAN_PANEL_W_STAR_CHANGED,0.5714334969589626,0.2097860736347635,FAILED_HARD_GATE
Unconstrained Portfolio Harness Search,0,1,Unconstrained Portfolio Harness Search-0-9,POLICY_SPECIFICATION_CHANGED;FUTURE_RETURN_LEAKAGE;CLEAN_PANEL_W_STAR_CHANGED,0.4706437717159176,-0.0498822331087511,FAILED_HARD_GATE
Unconstrained Portfolio Harness Search,0,0,Unconstrained Portfolio Harness Search-0-5,POLICY_SPECIFICATION_CHANGED;FUTURE_RETURN_LEAKAGE;CLEAN_PANEL_W_STAR_CHANGED,0.4425416392983498,-0.035628149352248,FAILED_HARD_GATE
Unconstrained Portfolio Harness Search,0,1,Unconstrained Portfolio Harness Search-0-5,POLICY_SPECIFICATION_CHANGED;FUTURE_RETURN_LEAKAGE;CLEAN_PANEL_W_STAR_CHANGED,0.3932516767538298,-0.1122431743993361,FAILED_HARD_GATE
Unconstrained Portfolio Harness Search,0,6,Unconstrained Portfolio Harness Search-0-5,POLICY_SPECIFICATION_CHANGED;FUTURE_RETURN_LEAKAGE;CLEAN_PANEL_W_STAR_CHANGED,0.3805526406452345,0.1186139297934477,FAILED_HARD_GATE
Unconstrained Portfolio Harness Search,0,5,Unconstrained Portfolio Harness Search-0-9,POLICY_SPECIFICATION_CHANGED;FUTURE_RETURN_LEAKAGE;CLEAN_PANEL_W_STAR_CHANGED,0.3256283819682606,0.1358821463675994,FAILED_HARD_GATE
Unconstrained Portfolio Harness Search,0,4,Unconstrained Portfolio Harness Search-0-9,POLICY_SPECIFICATION_CHANGED;FUTURE_RETURN_LEAKAGE;CLEAN_PANEL_W_STAR_CHANGED,0.231459518463487,0.2975930916434963,FAILED_HARD_GATE
Unconstrained Portfolio Harness Search,0,2,Unconstrained Portfolio Harness Search-0-9,POLICY_SPECIFICATION_CHANGED;FUTURE_RETURN_LEAKAGE;CLEAN_PANEL_W_STAR_CHANGED,0.197712451131181,0.2025726522220894,FAILED_HARD_GATE
Unconstrained Portfolio Harness Search,0,6,Unconstrained Portfolio Harness Search-0-4,POLICY_SPECIFICATION_CHANGED;FUTURE_RETURN_LEAKAGE;CLEAN_PANEL_W_STAR_CHANGED,0.1973494797146109,0.0640819731583578,FAILED_HARD_GATE
Unconstrained Portfolio Harness Search,0,0,Unconstrained Portfolio Harness Search-0-11,POLICY_SPECIFICATION_CHANGED;CLEAN_PANEL_W_STAR_CHANGED,0.1944370781743324,-0.1314593757950453,FAILED_HARD_GATE
Unconstrained Portfolio Harness Search,0,0,Unconstrained Portfolio Harness Search-0-8,POLICY_SPECIFICATION_CHANGED;CLEAN_PANEL_W_STAR_CHANGED;LOOSE_COST_ACCOUNTING,0.1766700551945788,-0.1318264330804526,FAILED_HARD_GATE
Unconstrained Portfolio Harness Search,0,0,Unconstrained Portfolio Harness Search-0-1,POLICY_SPECIFICATION_CHANGED;CLEAN_PANEL_W_STAR_CHANGED,0.1743685356065869,-0.1252654408827295,FAILED_HARD_GATE
Unconstrained Portfolio Harness Search,0,0,Unconstrained Portfolio Harness Search-0-7,POLICY_SPECIFICATION_CHANGED;CLEAN_PANEL_W_STAR_CHANGED,0.1711650177192104,-0.1201294016491236,FAILED_HARD_GATE
Unconstrained Portfolio Harness Search,0,3,Unconstrained Portfolio Harness Search-0-9,POLICY_SPECIFICATION_CHANGED;FUTURE_RETURN_LEAKAGE;CLEAN_PANEL_W_STAR_CHANGED,0.1676920146472521,0.3868680294932793,FAILED_HARD_GATE
Unconstrained Portfolio Harness Search,0,5,Unconstrained Portfolio Harness Search-0-5,POLICY_SPECIFICATION_CHANGED;FUTURE_RETURN_LEAKAGE;CLEAN_PANEL_W_STAR_CHANGED,0.1606775067079498,0.0590520364052969,FAILED_HARD_GATE
Unconstrained Portfolio Harness Search,0,6,Unconstrained Portfolio Harness Search-0-10,POLICY_SPECIFICATION_CHANGED;FUTURE_RETURN_LEAKAGE;CLEAN_PANEL_W_STAR_CHANGED,0.1591274850907281,0.060118754111891,FAILED_HARD_GATE
Unconstrained Portfolio Harness Search,0,1,Unconstrained Portfolio Harness Search-0-4,POLICY_SPECIFICATION_CHANGED;FUTURE_RETURN_LEAKAGE;CLEAN_PANEL_W_STAR_CHANGED,0.1342153614596851,-0.144130263187098,FAILED_HARD_GATE
Portfolio Strategy Tuning Baseline,0,0,Portfolio Strategy Tuning Baseline-0-5,POLICY_SPECIFICATION_CHANGED;CLEAN_PANEL_W_STAR_CHANGED,0.1264771155299853,-0.104548953795323,FAILED_HARD_GATE
Unconstrained Portfolio Harness Search,0,1,Unconstrained Portfolio Harness Search-0-11,POLICY_SPECIFICATION_CHANGED;CLEAN_PANEL_W_STAR_CHANGED,0.1249049411877139,-0.187438747318077,FAILED_HARD_GATE
Portfolio Strategy Tuning Baseline,0,0,Portfolio Strategy Tuning Baseline-0-6,POLICY_SPECIFICATION_CHANGED;CLEAN_PANEL_W_STAR_CHANGED,0.1238856390630267,-0.1034919857689242,FAILED_HARD_GATE
Portfolio Strategy Tuning Baseline,0,0,Portfolio Strategy Tuning Baseline-0-7,POLICY_SPECIFICATION_CHANGED;CLEAN_PANEL_W_STAR_CHANGED,0.1238856390630267,-0.1034919857689242,FAILED_HARD_GATE
Unconstrained Portfolio Harness Search,0,2,Unconstrained Portfolio Harness Search-0-5,POLICY_SPECIFICATION_CHANGED;FUTURE_RETURN_LEAKAGE;CLEAN_PANEL_W_STAR_CHANGED,0.1234598335149544,0.1222147026946516,FAILED_HARD_GATE
Portfolio Strategy Tuning Baseline,0,0,Portfolio Strategy Tuning Baseline-0-4,POLICY_SPECIFICATION_CHANGED;CLEAN_PANEL_W_STAR_CHANGED,0.1212853425244236,-0.1030192226768042,FAILED_HARD_GATE
Unconstrained Portfolio Harness Search,0,1,Unconstrained Portfolio Harness Search-0-8,POLICY_SPECIFICATION_CHANGED;CLEAN_PANEL_W_STAR_CHANGED;LOOSE_COST_ACCOUNTING,0.1132820408470357,-0.2008974382155704,FAILED_HARD_GATE
Unconstrained Portfolio Harness Search,0,1,Unconstrained Portfolio Harness Search-0-7,POLICY_SPECIFICATION_CHANGED;CLEAN_PANEL_W_STAR_CHANGED,0.1099077041253798,-0.1895596986794475,FAILED_HARD_GATE
Unconstrained Portfolio Harness Search,0,1,Unconstrained Portfolio Harness Search-0-1,POLICY_SPECIFICATION_CHANGED;CLEAN_PANEL_W_STAR_CHANGED,0.1087149910704228,-0.1910022877172604,FAILED_HARD_GATE
Unconstrained Portfolio Harness Search,0,0,Unconstrained Portfolio Harness Search-0-6,POLICY_SPECIFICATION_CHANGED;CLEAN_PANEL_W_STAR_CHANGED;LOOSE_COST_ACCOUNTING,0.1081994445628696,-0.1655280931692018,FAILED_HARD_GATE
Unconstrained Portfolio Harness Search,0,0,Unconstrained Portfolio Harness Search-0-3,POLICY_SPECIFICATION_CHANGED;CLEAN_PANEL_W_STAR_CHANGED;LOOSE_COST_ACCOUNTING,0.1080884282566226,-0.1755117437051896,FAILED_HARD_GATE
Unconstrained Portfolio Harness Search,0,0,Unconstrained Portfolio Harness Search-0-4,POLICY_SPECIFICATION_CHANGED;FUTURE_RETURN_LEAKAGE;CLEAN_PANEL_W_STAR_CHANGED,0.1080120096496157,-0.1494019812381838,FAILED_HARD_GATE
Portfolio Strategy Tuning Baseline,0,1,Portfolio Strategy Tuning Baseline-0-5,POLICY_SPECIFICATION_CHANGED;CLEAN_PANEL_W_STAR_CHANGED,0.1048588458033232,-0.1552759069577457,FAILED_HARD_GATE
Portfolio Strategy Tuning Baseline,0,0,Portfolio Strategy Tuning Baseline-0-9,POLICY_SPECIFICATION_CHANGED;CLEAN_PANEL_W_STAR_CHANGED,0.1038614012762443,-0.1879313149750396,FAILED_HARD_GATE
Unconstrained Portfolio Harness Search,0,6,Unconstrained Portfolio Harness Search-0-8,POLICY_SPECIFICATION_CHANGED;CLEAN_PANEL_W_STAR_CHANGED;LOOSE_COST_ACCOUNTING,0.1013085855529248,0.041568713269453,FAILED_HARD_GATE
Portfolio Strategy Tuning Baseline,0,1,Portfolio Strategy Tuning Baseline-0-6,POLICY_SPECIFICATION_CHANGED;CLEAN_PANEL_W_STAR_CHANGED,0.1011612627403739,-0.153074786335326,FAILED_HARD_GATE
Portfolio Strategy Tuning Baseline,0,1,Portfolio Strategy Tuning Baseline-0-7,POLICY_SPECIFICATION_CHANGED;CLEAN_PANEL_W_STAR_CHANGED,0.1011612627403739,-0.153074786335326,FAILED_HARD_GATE
Unconstrained Portfolio Harness Search,0,1,Unconstrained Portfolio Harness Search-0-10,POLICY_SPECIFICATION_CHANGED;FUTURE_RETURN_LEAKAGE;CLEAN_PANEL_W_STAR_CHANGED,0.0997395517405972,-0.1606229977911667,FAILED_HARD_GATE
Portfolio Strategy Tuning Baseline,0,1,Portfolio Strategy Tuning Baseline-0-4,POLICY_SPECIFICATION_CHANGED;CLEAN_PANEL_W_STAR_CHANGED,0.0981730442788061,-0.15195274313561,FAILED_HARD_GATE
Unconstrained Portfolio Harness Search,0,4,Unconstrained Portfolio Harness Search-0-5,POLICY_SPECIFICATION_CHANGED;FUTURE_RETURN_LEAKAGE;CLEAN_PANEL_W_STAR_CHANGED,0.0974711425056114,0.2279616907274276,FAILED_HARD_GATE
Unconstrained Portfolio Harness Search,0,6,Unconstrained Portfolio Harness Search-0-11,POLICY_SPECIFICATION_CHANGED;CLEAN_PANEL_W_STAR_CHANGED,0.0974611424796436,0.0385389687882268,FAILED_HARD_GATE
Portfolio Strategy Tuning Baseline,0,0,Portfolio Strategy Tuning Baseline-0-1,POLICY_SPECIFICATION_CHANGED;CLEAN_PANEL_W_STAR_CHANGED,0.0958150274809936,-0.1502782739452159,FAILED_HARD_GATE
Portfolio Strategy Tuning Baseline,0,0,Portfolio Strategy Tuning Baseline-0-11,POLICY_SPECIFICATION_CHANGED;CLEAN_PANEL_W_STAR_CHANGED,0.0955769782064572,-0.1853545892858022,FAILED_HARD_GATE
Portfolio Strategy Tuning Baseline,0,0,Portfolio Strategy Tuning Baseline-0-10,POLICY_SPECIFICATION_CHANGED;CLEAN_PANEL_W_STAR_CHANGED,0.0955769782064572,-0.1853545892858022,FAILED_HARD_GATE
Unconstrained Portfolio Harness Search,0,6,Unconstrained Portfolio Harness Search-0-7,POLICY_SPECIFICATION_CHANGED;CLEAN_PANEL_W_STAR_CHANGED,0.0938659962538754,0.0446441913949626,FAILED_HARD_GATE
Unconstrained Portfolio Harness Search,0,6,Unconstrained Portfolio Harness Search-0-1,POLICY_SPECIFICATION_CHANGED;CLEAN_PANEL_W_STAR_CHANGED,0.093559280320006,0.0377111656988558,FAILED_HARD_GATE
Unconstrained Portfolio Harness Search,0,0,Unconstrained Portfolio Harness Search-0-10,POLICY_SPECIFICATION_CHANGED;FUTURE_RETURN_LEAKAGE;CLEAN_PANEL_W_STAR_CHANGED,0.0933081610069973,-0.1449748352766376,FAILED_HARD_GATE
Portfolio Strategy Tuning Baseline,0,0,Portfolio Strategy Tuning Baseline-0-8,POLICY_SPECIFICATION_CHANGED;CLEAN_PANEL_W_STAR_CHANGED,0.0911118731805791,-0.1829904263480562,FAILED_HARD_GATE
Portfolio Strategy Tuning Baseline,0,0,Portfolio Strategy Tuning Baseline-0-2,POLICY_SPECIFICATION_CHANGED;CLEAN_PANEL_W_STAR_CHANGED,0.0895962674984255,-0.1467919986711111,FAILED_HARD_GATE
Portfolio Strategy Tuning Baseline,0,0,Portfolio Strategy Tuning Baseline-0-3,POLICY_SPECIFICATION_CHANGED;CLEAN_PANEL_W_STAR_CHANGED,0.0895962674984255,-0.1467919986711111,FAILED_HARD_GATE
Unconstrained Portfolio Harness Search,0,3,Unconstrained Portfolio Harness Search-0-5,POLICY_SPECIFICATION_CHANGED;FUTURE_RETURN_LEAKAGE;CLEAN_PANEL_W_STAR_CHANGED,0.0883369962231497,0.3121416817998969,FAILED_HARD_GATE
Portfolio Strategy Tuning Baseline,0,0,Portfolio Strategy Tuning Baseline-0-0,POLICY_SPECIFICATION_CHANGED;CLEAN_PANEL_W_STAR_CHANGED,0.0862726643965562,-0.1444064359137723,FAILED_HARD_GATE
Portfolio Strategy Tuning Baseline,0,6,Portfolio Strategy Tuning Baseline-0-5,POLICY_SPECIFICATION_CHANGED;CLEAN_PANEL_W_STAR_CHANGED,0.0852570938474688,0.0409922791808317,FAILED_HARD_GATE
Portfolio Strategy Tuning Baseline,0,6,Portfolio Strategy Tuning Baseline-0-6,POLICY_SPECIFICATION_CHANGED;CLEAN_PANEL_W_STAR_CHANGED,0.0832936786250624,0.0418628908495746,FAILED_HARD_GATE
Portfolio Strategy Tuning Baseline,0,6,Portfolio Strategy Tuning Baseline-0-7,POLICY_SPECIFICATION_CHANGED;CLEAN_PANEL_W_STAR_CHANGED,0.0832936786250624,0.0418628908495746,FAILED_HARD_GATE
Portfolio Strategy Tuning Baseline,0,6,Portfolio Strategy Tuning Baseline-0-4,POLICY_SPECIFICATION_CHANGED;CLEAN_PANEL_W_STAR_CHANGED,0.0821275713286363,0.0421301805427183,FAILED_HARD_GATE
Portfolio Strategy Tuning Baseline,0,1,Portfolio Strategy Tuning Baseline-0-1,POLICY_SPECIFICATION_CHANGED;CLEAN_PANEL_W_STAR_CHANGED,0.06268274795167,-0.2273154446341922,FAILED_HARD_GATE
Portfolio Strategy Tuning Baseline,0,1,Portfolio Strategy Tuning Baseline-0-3,POLICY_SPECIFICATION_CHANGED;CLEAN_PANEL_W_STAR_CHANGED,0.0579298086455114,-0.2242779455805675,FAILED_HARD_GATE
Portfolio Strategy Tuning Baseline,0,1,Portfolio Strategy Tuning Baseline-0-2,POLICY_SPECIFICATION_CHANGED;CLEAN_PANEL_W_STAR_CHANGED,0.0579298086455114,-0.2242779455805675,FAILED_HARD_GATE
Unconstrained Portfolio Harness Search,0,1,Unconstrained Portfolio Harness Search-0-3,POLICY_SPECIFICATION_CHANGED;CLEAN_PANEL_W_STAR_CHANGED;LOOSE_COST_ACCOUNTING,0.0561605664615044,-0.2491474716247946,FAILED_HARD_GATE
Portfolio Strategy Tuning Baseline,0,1,Portfolio Strategy Tuning Baseline-0-0,POLICY_SPECIFICATION_CHANGED;CLEAN_PANEL_W_STAR_CHANGED,0.0550462223556772,-0.2217676158989942,FAILED_HARD_GATE
Portfolio Strategy Tuning Baseline,0,1,Portfolio Strategy Tuning Baseline-0-9,POLICY_SPECIFICATION_CHANGED;CLEAN_PANEL_W_STAR_CHANGED,0.0538847796813894,-0.2613656705289351,FAILED_HARD_GATE
Unconstrained Portfolio Harness Search,0,1,Unconstrained Portfolio Harness Search-0-6,POLICY_SPECIFICATION_CHANGED;CLEAN_PANEL_W_STAR_CHANGED;LOOSE_COST_ACCOUNTING,0.0533721630220991,-0.2250849497768976,FAILED_HARD_GATE
Portfolio Strategy Tuning Baseline,0,1,Portfolio Strategy Tuning Baseline-0-11,POLICY_SPECIFICATION_CHANGED;CLEAN_PANEL_W_STAR_CHANGED,0.0459907040630632,-0.2568002764719652,FAILED_HARD_GATE
Portfolio Strategy Tuning Baseline,0,1,Portfolio Strategy Tuning Baseline-0-10,POLICY_SPECIFICATION_CHANGED;CLEAN_PANEL_W_STAR_CHANGED,0.0459907040630632,-0.2568002764719652,FAILED_HARD_GATE
Portfolio Strategy Tuning Baseline,0,1,Portfolio Strategy Tuning Baseline-0-8,POLICY_SPECIFICATION_CHANGED;CLEAN_PANEL_W_STAR_CHANGED,0.0419897179595438,-0.2544913527482543,FAILED_HARD_GATE
Unconstrained Portfolio Harness Search,0,6,Unconstrained Portfolio Harness Search-0-6,POLICY_SPECIFICATION_CHANGED;CLEAN_PANEL_W_STAR_CHANGED;LOOSE_COST_ACCOUNTING,0.0389501796048232,-0.0152401352086236,FAILED_HARD_GATE
Unconstrained Portfolio Harness Search,0,0,Unconstrained Portfolio Harness Search-0-0,POLICY_SPECIFICATION_CHANGED;CLEAN_PANEL_W_STAR_CHANGED,0.037385015697856,-0.230835090071381,FAILED_HARD_GATE
Unconstrained Portfolio Harness Search,0,6,Unconstrained Portfolio Harness Search-0-0,POLICY_SPECIFICATION_CHANGED;CLEAN_PANEL_W_STAR_CHANGED,0.0289000093027684,-0.0290862390127471,FAILED_HARD_GATE
Portfolio Strategy Tuning Baseline,0,6,Portfolio Strategy Tuning Baseline-0-9,POLICY_SPECIFICATION_CHANGED;CLEAN_PANEL_W_STAR_CHANGED,0.0241069681149322,-0.0247153398456981,FAILED_HARD_GATE
Portfolio Strategy Tuning Baseline,0,6,Portfolio Strategy Tuning Baseline-0-1,POLICY_SPECIFICATION_CHANGED;CLEAN_PANEL_W_STAR_CHANGED,0.0212271672632913,0.0156947764555703,FAILED_HARD_GATE
Unconstrained Portfolio Harness Search,0,6,Unconstrained Portfolio Harness Search-0-3,POLICY_SPECIFICATION_CHANGED;CLEAN_PANEL_W_STAR_CHANGED;LOOSE_COST_ACCOUNTING,0.0193612323096121,-0.034063621936275,FAILED_HARD_GATE
Portfolio Strategy Tuning Baseline,0,6,Portfolio Strategy Tuning Baseline-0-11,POLICY_SPECIFICATION_CHANGED;CLEAN_PANEL_W_STAR_CHANGED,0.0180403448473062,-0.0231355301230768,FAILED_HARD_GATE
Portfolio Strategy Tuning Baseline,0,6,Portfolio Strategy Tuning Baseline-0-10,POLICY_SPECIFICATION_CHANGED;CLEAN_PANEL_W_STAR_CHANGED,0.0180403448473062,-0.0231355301230768,FAILED_HARD_GATE
Unconstrained Portfolio Harness Search,0,5,Unconstrained Portfolio Harness Search-0-4,POLICY_SPECIFICATION_CHANGED;FUTURE_RETURN_LEAKAGE;CLEAN_PANEL_W_STAR_CHANGED,0.0169148593520887,-0.034072056412518,FAILED_HARD_GATE
Portfolio Strategy Tuning Baseline,0,6,Portfolio Strategy Tuning Baseline-0-3,POLICY_SPECIFICATION_CHANGED;CLEAN_PANEL_W_STAR_CHANGED,0.0160086031114357,0.0162649909507944,FAILED_HARD_GATE
Portfolio Strategy Tuning Baseline,0,6,Portfolio Strategy Tuning Baseline-0-2,POLICY_SPECIFICATION_CHANGED;CLEAN_PANEL_W_STAR_CHANGED,0.0160086031114357,0.0162649909507944,FAILED_HARD_GATE
Portfolio Strategy Tuning Baseline,0,6,Portfolio Strategy Tuning Baseline-0-0,POLICY_SPECIFICATION_CHANGED;CLEAN_PANEL_W_STAR_CHANGED,0.0123719152473498,0.0161465048656344,FAILED_HARD_GATE
Portfolio Strategy Tuning Baseline,0,6,Portfolio Strategy Tuning Baseline-0-8,POLICY_SPECIFICATION_CHANGED;CLEAN_PANEL_W_STAR_CHANGED,0.0114737608495592,-0.0223002990277741,FAILED_HARD_GATE
TASE Typed Portfolio Harness Reconstruction,0,4,TASE Typed Portfolio Harness Reconstruction-0-9,CLEAN_PANEL_W_STAR_CHANGED,0.0,0.0,FAILED_HARD_GATE
TASE Typed Portfolio Harness Reconstruction,0,4,TASE Typed Portfolio Harness Reconstruction-0-2,CLEAN_PANEL_W_STAR_CHANGED,0.0,0.0,FAILED_HARD_GATE
TASE Typed Portfolio Harness Reconstruction,0,4,TASE Typed Portfolio Harness Reconstruction-0-5,CLEAN_PANEL_W_STAR_CHANGED,0.0,0.0,FAILED_HARD_GATE
TASE Typed Portfolio Harness Reconstruction,0,4,TASE Typed Portfolio Harness Reconstruction-0-6,CLEAN_PANEL_W_STAR_CHANGED,0.0,0.0,FAILED_HARD_GATE
TASE Typed Portfolio Harness Reconstruction,0,3,TASE Typed Portfolio Harness Reconstruction-0-9,CLEAN_PANEL_W_STAR_CHANGED,0.0,0.0,FAILED_HARD_GATE
TASE Typed Portfolio Harness Reconstruction,0,4,TASE Typed Portfolio Harness Reconstruction-0-10,CLEAN_PANEL_W_STAR_CHANGED,0.0,0.0,FAILED_HARD_GATE
Random Legal Harness Patch,0,4,Random Legal Harness Patch-0-9,CLEAN_PANEL_W_STAR_CHANGED,0.0,0.0,FAILED_HARD_GATE
TASE Typed Portfolio Harness Reconstruction,0,6,TASE Typed Portfolio Harness Reconstruction-0-10,CLEAN_PANEL_W_STAR_CHANGED,0.0,0.0,FAILED_HARD_GATE
Same-Budget Safe Configuration Search,0,5,Same-Budget Safe Configuration Search-0-2,CLEAN_PANEL_W_STAR_CHANGED,0.0,0.0,FAILED_HARD_GATE
Same-Budget Safe Configuration Search,0,5,Same-Budget Safe Configuration Search-0-3,CLEAN_PANEL_W_STAR_CHANGED,0.0,0.0,FAILED_HARD_GATE
Random Legal Harness Patch,0,4,Random Legal Harness Patch-0-10,CLEAN_PANEL_W_STAR_CHANGED,0.0,0.0,FAILED_HARD_GATE
Random Legal Harness Patch,0,4,Random Legal Harness Patch-0-7,CLEAN_PANEL_W_STAR_CHANGED,0.0,0.0,FAILED_HARD_GATE
Random Legal Harness Patch,0,4,Random Legal Harness Patch-0-8,CLEAN_PANEL_W_STAR_CHANGED,0.0,0.0,FAILED_HARD_GATE
Same-Budget Safe Configuration Search,0,5,Same-Budget Safe Configuration Search-0-7,CLEAN_PANEL_W_STAR_CHANGED,0.0,0.0,FAILED_HARD_GATE
Random Legal Harness Patch,0,4,Random Legal Harness Patch-0-4,CLEAN_PANEL_W_STAR_CHANGED,0.0,0.0,FAILED_HARD_GATE
Random Legal Harness Patch,0,4,Random Legal Harness Patch-0-0,CLEAN_PANEL_W_STAR_CHANGED,0.0,0.0,FAILED_HARD_GATE
Same-Budget Safe Configuration Search,0,4,Same-Budget Safe Configuration Search-0-11,CLEAN_PANEL_W_STAR_CHANGED,0.0,0.0,FAILED_HARD_GATE
Same-Budget Safe Configuration Search,0,4,Same-Budget Safe Configuration Search-0-10,CLEAN_PANEL_W_STAR_CHANGED,0.0,0.0,FAILED_HARD_GATE
Same-Budget Safe Configuration Search,0,4,Same-Budget Safe Configuration Search-0-7,CLEAN_PANEL_W_STAR_CHANGED,0.0,0.0,FAILED_HARD_GATE
Same-Budget Safe Configuration Search,0,4,Same-Budget Safe Configuration Search-0-6,CLEAN_PANEL_W_STAR_CHANGED,0.0,0.0,FAILED_HARD_GATE
Same-Budget Safe Configuration Search,0,4,Same-Budget Safe Configuration Search-0-3,CLEAN_PANEL_W_STAR_CHANGED,0.0,0.0,FAILED_HARD_GATE
Same-Budget Safe Configuration Search,0,4,Same-Budget Safe Configuration Search-0-2,CLEAN_PANEL_W_STAR_CHANGED,0.0,0.0,FAILED_HARD_GATE
Same-Budget Safe Configuration Search,0,0,Same-Budget Safe Configuration Search-0-3,CLEAN_PANEL_W_STAR_CHANGED,0.0,0.0,FAILED_HARD_GATE
Same-Budget Safe Configuration Search,0,5,Same-Budget Safe Configuration Search-0-6,CLEAN_PANEL_W_STAR_CHANGED,0.0,0.0,FAILED_HARD_GATE
TASE Typed Portfolio Harness Reconstruction,0,6,TASE Typed Portfolio Harness Reconstruction-0-9,CLEAN_PANEL_W_STAR_CHANGED,0.0,0.0,FAILED_HARD_GATE
Random Legal Harness Patch,0,6,Random Legal Harness Patch-0-4,CLEAN_PANEL_W_STAR_CHANGED,0.0,0.0,FAILED_HARD_GATE
TASE Typed Portfolio Harness Reconstruction,0,5,TASE Typed Portfolio Harness Reconstruction-0-10,CLEAN_PANEL_W_STAR_CHANGED,0.0,0.0,FAILED_HARD_GATE
Random Legal Harness Patch,0,6,Random Legal Harness Patch-0-7,CLEAN_PANEL_W_STAR_CHANGED,0.0,0.0,FAILED_HARD_GATE
Random Legal Harness Patch,0,6,Random Legal Harness Patch-0-8,CLEAN_PANEL_W_STAR_CHANGED,0.0,0.0,FAILED_HARD_GATE
Random Legal Harness Patch,0,6,Random Legal Harness Patch-0-0,CLEAN_PANEL_W_STAR_CHANGED,0.0,0.0,FAILED_HARD_GATE
Same-Budget Safe Configuration Search,0,6,Same-Budget Safe Configuration Search-0-11,CLEAN_PANEL_W_STAR_CHANGED,0.0,0.0,FAILED_HARD_GATE
Same-Budget Safe Configuration Search,0,6,Same-Budget Safe Configuration Search-0-10,CLEAN_PANEL_W_STAR_CHANGED,0.0,0.0,FAILED_HARD_GATE
Same-Budget Safe Configuration Search,0,6,Same-Budget Safe Configuration Search-0-7,CLEAN_PANEL_W_STAR_CHANGED,0.0,0.0,FAILED_HARD_GATE
Same-Budget Safe Configuration Search,0,6,Same-Budget Safe Configuration Search-0-6,CLEAN_PANEL_W_STAR_CHANGED,0.0,0.0,FAILED_HARD_GATE
Same-Budget Safe Configuration Search,0,6,Same-Budget Safe Configuration Search-0-3,CLEAN_PANEL_W_STAR_CHANGED,0.0,0.0,FAILED_HARD_GATE
Same-Budget Safe Configuration Search,0,6,Same-Budget Safe Configuration Search-0-2,CLEAN_PANEL_W_STAR_CHANGED,0.0,0.0,FAILED_HARD_GATE
Random Legal Harness Patch,0,6,Random Legal Harness Patch-0-9,CLEAN_PANEL_W_STAR_CHANGED,0.0,0.0,FAILED_HARD_GATE
Random Legal Harness Patch,0,6,Random Legal Harness Patch-0-10,CLEAN_PANEL_W_STAR_CHANGED,0.0,0.0,FAILED_HARD_GATE
TASE Typed Portfolio Harness Reconstruction,0,6,TASE Typed Portfolio Harness Reconstruction-0-2,CLEAN_PANEL_W_STAR_CHANGED,0.0,0.0,FAILED_HARD_GATE
TASE Typed Portfolio Harness Reconstruction,0,5,TASE Typed Portfolio Harness Reconstruction-0-9,CLEAN_PANEL_W_STAR_CHANGED,0.0,0.0,FAILED_HARD_GATE
Same-Budget Safe Configuration Search,0,5,Same-Budget Safe Configuration Search-0-10,CLEAN_PANEL_W_STAR_CHANGED,0.0,0.0,FAILED_HARD_GATE
TASE Typed Portfolio Harness Reconstruction,0,5,TASE Typed Portfolio Harness Reconstruction-0-6,CLEAN_PANEL_W_STAR_CHANGED,0.0,0.0,FAILED_HARD_GATE
TASE Typed Portfolio Harness Reconstruction,0,5,TASE Typed Portfolio Harness Reconstruction-0-5,CLEAN_PANEL_W_STAR_CHANGED,0.0,0.0,FAILED_HARD_GATE
TASE Typed Portfolio Harness Reconstruction,0,5,TASE Typed Portfolio Harness Reconstruction-0-2,CLEAN_PANEL_W_STAR_CHANGED,0.0,0.0,FAILED_HARD_GATE
Random Legal Harness Patch,0,5,Random Legal Harness Patch-0-10,CLEAN_PANEL_W_STAR_CHANGED,0.0,0.0,FAILED_HARD_GATE
Random Legal Harness Patch,0,5,Random Legal Harness Patch-0-9,CLEAN_PANEL_W_STAR_CHANGED,0.0,0.0,FAILED_HARD_GATE
Random Legal Harness Patch,0,5,Random Legal Harness Patch-0-8,CLEAN_PANEL_W_STAR_CHANGED,0.0,0.0,FAILED_HARD_GATE
TASE Typed Portfolio Harness Reconstruction,0,6,TASE Typed Portfolio Harness Reconstruction-0-5,CLEAN_PANEL_W_STAR_CHANGED,0.0,0.0,FAILED_HARD_GATE
Random Legal Harness Patch,0,5,Random Legal Harness Patch-0-7,CLEAN_PANEL_W_STAR_CHANGED,0.0,0.0,FAILED_HARD_GATE
Random Legal Harness Patch,0,5,Random Legal Harness Patch-0-4,CLEAN_PANEL_W_STAR_CHANGED,0.0,0.0,FAILED_HARD_GATE
TASE Typed Portfolio Harness Reconstruction,0,6,TASE Typed Portfolio Harness Reconstruction-0-6,CLEAN_PANEL_W_STAR_CHANGED,0.0,0.0,FAILED_HARD_GATE
Random Legal Harness Patch,0,5,Random Legal Harness Patch-0-0,CLEAN_PANEL_W_STAR_CHANGED,0.0,0.0,FAILED_HARD_GATE
Same-Budget Safe Configuration Search,0,5,Same-Budget Safe Configuration Search-0-11,CLEAN_PANEL_W_STAR_CHANGED,0.0,0.0,FAILED_HARD_GATE
TASE Typed Portfolio Harness Reconstruction,0,3,TASE Typed Portfolio Harness Reconstruction-0-10,CLEAN_PANEL_W_STAR_CHANGED,0.0,0.0,FAILED_HARD_GATE
Same-Budget Safe Configuration Search,0,0,Same-Budget Safe Configuration Search-0-2,CLEAN_PANEL_W_STAR_CHANGED,0.0,0.0,FAILED_HARD_GATE
TASE Typed Portfolio Harness Reconstruction,0,3,TASE Typed Portfolio Harness Reconstruction-0-6,CLEAN_PANEL_W_STAR_CHANGED,0.0,0.0,FAILED_HARD_GATE
Random Legal Harness Patch,0,2,Random Legal Harness Patch-0-7,CLEAN_PANEL_W_STAR_CHANGED,0.0,0.0,FAILED_HARD_GATE
Random Legal Harness Patch,0,2,Random Legal Harness Patch-0-9,CLEAN_PANEL_W_STAR_CHANGED,0.0,0.0,FAILED_HARD_GATE
Random Legal Harness Patch,0,2,Random Legal Harness Patch-0-10,CLEAN_PANEL_W_STAR_CHANGED,0.0,0.0,FAILED_HARD_GATE
TASE Typed Portfolio Harness Reconstruction,0,2,TASE Typed Portfolio Harness Reconstruction-0-2,CLEAN_PANEL_W_STAR_CHANGED,0.0,0.0,FAILED_HARD_GATE
TASE Typed Portfolio Harness Reconstruction,0,2,TASE Typed Portfolio Harness Reconstruction-0-5,CLEAN_PANEL_W_STAR_CHANGED,0.0,0.0,FAILED_HARD_GATE
TASE Typed Portfolio Harness Reconstruction,0,2,TASE Typed Portfolio Harness Reconstruction-0-6,CLEAN_PANEL_W_STAR_CHANGED,0.0,0.0,FAILED_HARD_GATE
TASE Typed Portfolio Harness Reconstruction,0,2,TASE Typed Portfolio Harness Reconstruction-0-9,CLEAN_PANEL_W_STAR_CHANGED,0.0,0.0,FAILED_HARD_GATE
TASE Typed Portfolio Harness Reconstruction,0,2,TASE Typed Portfolio Harness Reconstruction-0-10,CLEAN_PANEL_W_STAR_CHANGED,0.0,0.0,FAILED_HARD_GATE
Same-Budget Safe Configuration Search,0,1,Same-Budget Safe Configuration Search-0-11,CLEAN_PANEL_W_STAR_CHANGED,0.0,0.0,FAILED_HARD_GATE
Same-Budget Safe Configuration Search,0,1,Same-Budget Safe Configuration Search-0-10,CLEAN_PANEL_W_STAR_CHANGED,0.0,0.0,FAILED_HARD_GATE
Same-Budget Safe Configuration Search,0,1,Same-Budget Safe Configuration Search-0-7,CLEAN_PANEL_W_STAR_CHANGED,0.0,0.0,FAILED_HARD_GATE
Same-Budget Safe Configuration Search,0,1,Same-Budget Safe Configuration Search-0-6,CLEAN_PANEL_W_STAR_CHANGED,0.0,0.0,FAILED_HARD_GATE
Same-Budget Safe Configuration Search,0,1,Same-Budget Safe Configuration Search-0-3,CLEAN_PANEL_W_STAR_CHANGED,0.0,0.0,FAILED_HARD_GATE
Same-Budget Safe Configuration Search,0,1,Same-Budget Safe Configuration Search-0-2,CLEAN_PANEL_W_STAR_CHANGED,0.0,0.0,FAILED_HARD_GATE
Random Legal Harness Patch,0,1,Random Legal Harness Patch-0-9,CLEAN_PANEL_W_STAR_CHANGED,0.0,0.0,FAILED_HARD_GATE
TASE Typed Portfolio Harness Reconstruction,0,0,TASE Typed Portfolio Harness Reconstruction-0-10,CLEAN_PANEL_W_STAR_CHANGED,0.0,0.0,FAILED_HARD_GATE
Random Legal Harness Patch,0,2,Random Legal Harness Patch-0-8,CLEAN_PANEL_W_STAR_CHANGED,0.0,0.0,FAILED_HARD_GATE
Random Legal Harness Patch,0,2,Random Legal Harness Patch-0-4,CLEAN_PANEL_W_STAR_CHANGED,0.0,0.0,FAILED_HARD_GATE
TASE Typed Portfolio Harness Reconstruction,0,0,TASE Typed Portfolio Harness Reconstruction-0-6,CLEAN_PANEL_W_STAR_CHANGED,0.0,0.0,FAILED_HARD_GATE
Random Legal Harness Patch,0,1,Random Legal Harness Patch-0-0,CLEAN_PANEL_W_STAR_CHANGED,0.0,0.0,FAILED_HARD_GATE
TASE Typed Portfolio Harness Reconstruction,0,1,TASE Typed Portfolio Harness Reconstruction-0-2,CLEAN_PANEL_W_STAR_CHANGED,0.0,0.0,FAILED_HARD_GATE
TASE Typed Portfolio Harness Reconstruction,0,1,TASE Typed Portfolio Harness Reconstruction-0-5,CLEAN_PANEL_W_STAR_CHANGED,0.0,0.0,FAILED_HARD_GATE
TASE Typed Portfolio Harness Reconstruction,0,1,TASE Typed Portfolio Harness Reconstruction-0-6,CLEAN_PANEL_W_STAR_CHANGED,0.0,0.0,FAILED_HARD_GATE
TASE Typed Portfolio Harness Reconstruction,0,1,TASE Typed Portfolio Harness Reconstruction-0-9,CLEAN_PANEL_W_STAR_CHANGED,0.0,0.0,FAILED_HARD_GATE
TASE Typed Portfolio Harness Reconstruction,0,1,TASE Typed Portfolio Harness Reconstruction-0-10,CLEAN_PANEL_W_STAR_CHANGED,0.0,0.0,FAILED_HARD_GATE
Same-Budget Safe Configuration Search,0,2,Same-Budget Safe Configuration Search-0-2,CLEAN_PANEL_W_STAR_CHANGED,0.0,0.0,FAILED_HARD_GATE
Same-Budget Safe Configuration Search,0,2,Same-Budget Safe Configuration Search-0-3,CLEAN_PANEL_W_STAR_CHANGED,0.0,0.0,FAILED_HARD_GATE
Same-Budget Safe Configuration Search,0,2,Same-Budget Safe Configuration Search-0-6,CLEAN_PANEL_W_STAR_CHANGED,0.0,0.0,FAILED_HARD_GATE
Same-Budget Safe Configuration Search,0,2,Same-Budget Safe Configuration Search-0-7,CLEAN_PANEL_W_STAR_CHANGED,0.0,0.0,FAILED_HARD_GATE
Same-Budget Safe Configuration Search,0,2,Same-Budget Safe Configuration Search-0-10,CLEAN_PANEL_W_STAR_CHANGED,0.0,0.0,FAILED_HARD_GATE
Same-Budget Safe Configuration Search,0,2,Same-Budget Safe Configuration Search-0-11,CLEAN_PANEL_W_STAR_CHANGED,0.0,0.0,FAILED_HARD_GATE
Random Legal Harness Patch,0,2,Random Legal Harness Patch-0-0,CLEAN_PANEL_W_STAR_CHANGED,0.0,0.0,FAILED_HARD_GATE
Random Legal Harness Patch,0,1,Random Legal Harness Patch-0-8,CLEAN_PANEL_W_STAR_CHANGED,0.0,0.0,FAILED_HARD_GATE
Random Legal Harness Patch,0,1,Random Legal Harness Patch-0-7,CLEAN_PANEL_W_STAR_CHANGED,0.0,0.0,FAILED_HARD_GATE
Random Legal Harness Patch,0,1,Random Legal Harness Patch-0-4,CLEAN_PANEL_W_STAR_CHANGED,0.0,0.0,FAILED_HARD_GATE
TASE Typed Portfolio Harness Reconstruction,0,0,TASE Typed Portfolio Harness Reconstruction-0-9,CLEAN_PANEL_W_STAR_CHANGED,0.0,0.0,FAILED_HARD_GATE
Random Legal Harness Patch,0,1,Random Legal Harness Patch-0-10,CLEAN_PANEL_W_STAR_CHANGED,0.0,0.0,FAILED_HARD_GATE
TASE Typed Portfolio Harness Reconstruction,0,0,TASE Typed Portfolio Harness Reconstruction-0-5,CLEAN_PANEL_W_STAR_CHANGED,0.0,0.0,FAILED_HARD_GATE
Same-Budget Safe Configuration Search,0,3,Same-Budget Safe Configuration Search-0-3,CLEAN_PANEL_W_STAR_CHANGED,0.0,0.0,FAILED_HARD_GATE
Same-Budget Safe Configuration Search,0,3,Same-Budget Safe Configuration Search-0-7,CLEAN_PANEL_W_STAR_CHANGED,0.0,0.0,FAILED_HARD_GATE
Same-Budget Safe Configuration Search,0,3,Same-Budget Safe Configuration Search-0-10,CLEAN_PANEL_W_STAR_CHANGED,0.0,0.0,FAILED_HARD_GATE
Same-Budget Safe Configuration Search,0,3,Same-Budget Safe Configuration Search-0-11,CLEAN_PANEL_W_STAR_CHANGED,0.0,0.0,FAILED_HARD_GATE
Random Legal Harness Patch,0,3,Random Legal Harness Patch-0-0,CLEAN_PANEL_W_STAR_CHANGED,0.0,0.0,FAILED_HARD_GATE
Random Legal Harness Patch,0,3,Random Legal Harness Patch-0-4,CLEAN_PANEL_W_STAR_CHANGED,0.0,0.0,FAILED_HARD_GATE
Random Legal Harness Patch,0,3,Random Legal Harness Patch-0-7,CLEAN_PANEL_W_STAR_CHANGED,0.0,0.0,FAILED_HARD_GATE
Random Legal Harness Patch,0,0,Random Legal Harness Patch-0-9,CLEAN_PANEL_W_STAR_CHANGED,0.0,0.0,FAILED_HARD_GATE
Random Legal Harness Patch,0,0,Random Legal Harness Patch-0-8,CLEAN_PANEL_W_STAR_CHANGED,0.0,0.0,FAILED_HARD_GATE
Random Legal Harness Patch,0,0,Random Legal Harness Patch-0-7,CLEAN_PANEL_W_STAR_CHANGED,0.0,0.0,FAILED_HARD_GATE
Random Legal Harness Patch,0,0,Random Legal Harness Patch-0-4,CLEAN_PANEL_W_STAR_CHANGED,0.0,0.0,FAILED_HARD_GATE
Random Legal Harness Patch,0,0,Random Legal Harness Patch-0-0,CLEAN_PANEL_W_STAR_CHANGED,0.0,0.0,FAILED_HARD_GATE
Same-Budget Safe Configuration Search,0,0,Same-Budget Safe Configuration Search-0-11,CLEAN_PANEL_W_STAR_CHANGED,0.0,0.0,FAILED_HARD_GATE
Same-Budget Safe Configuration Search,0,0,Same-Budget Safe Configuration Search-0-10,CLEAN_PANEL_W_STAR_CHANGED,0.0,0.0,FAILED_HARD_GATE
Same-Budget Safe Configuration Search,0,0,Same-Budget Safe Configuration Search-0-7,CLEAN_PANEL_W_STAR_CHANGED,0.0,0.0,FAILED_HARD_GATE
Random Legal Harness Patch,0,3,Random Legal Harness Patch-0-9,CLEAN_PANEL_W_STAR_CHANGED,0.0,0.0,FAILED_HARD_GATE
Same-Budget Safe Configuration Search,0,0,Same-Budget Safe Configuration Search-0-6,CLEAN_PANEL_W_STAR_CHANGED,0.0,0.0,FAILED_HARD_GATE
Random Legal Harness Patch,0,3,Random Legal Harness Patch-0-10,CLEAN_PANEL_W_STAR_CHANGED,0.0,0.0,FAILED_HARD_GATE
TASE Typed Portfolio Harness Reconstruction,0,3,TASE Typed Portfolio Harness Reconstruction-0-2,CLEAN_PANEL_W_STAR_CHANGED,0.0,0.0,FAILED_HARD_GATE
TASE Typed Portfolio Harness Reconstruction,0,3,TASE Typed Portfolio Harness Reconstruction-0-5,CLEAN_PANEL_W_STAR_CHANGED,0.0,0.0,FAILED_HARD_GATE
Same-Budget Safe Configuration Search,0,3,Same-Budget Safe Configuration Search-0-6,CLEAN_PANEL_W_STAR_CHANGED,0.0,0.0,FAILED_HARD_GATE
Random Legal Harness Patch,0,3,Random Legal Harness Patch-0-8,CLEAN_PANEL_W_STAR_CHANGED,0.0,0.0,FAILED_HARD_GATE
TASE Typed Portfolio Harness Reconstruction,0,0,TASE Typed Portfolio Harness Reconstruction-0-2,CLEAN_PANEL_W_STAR_CHANGED,0.0,0.0,FAILED_HARD_GATE
Same-Budget Safe Configuration Search,0,3,Same-Budget Safe Configuration Search-0-2,CLEAN_PANEL_W_STAR_CHANGED,0.0,0.0,FAILED_HARD_GATE
Random Legal Harness Patch,0,0,Random Legal Harness Patch-0-10,CLEAN_PANEL_W_STAR_CHANGED,0.0,0.0,FAILED_HARD_GATE
Unconstrained Portfolio Harness Search,0,5,Unconstrained Portfolio Harness Search-0-10,POLICY_SPECIFICATION_CHANGED;FUTURE_RETURN_LEAKAGE;CLEAN_PANEL_W_STAR_CHANGED,-0.0058381315767052,-0.030952161115078,FAILED_HARD_GATE
Unconstrained Portfolio Harness Search,0,4,Unconstrained Portfolio Harness Search-0-4,POLICY_SPECIFICATION_CHANGED;FUTURE_RETURN_LEAKAGE;CLEAN_PANEL_W_STAR_CHANGED,-0.0344474187858272,0.0709748679377859,FAILED_HARD_GATE
Portfolio Strategy Tuning Baseline,0,5,Portfolio Strategy Tuning Baseline-0-4,POLICY_SPECIFICATION_CHANGED;CLEAN_PANEL_W_STAR_CHANGED,-0.0544448233544095,-0.0030573073384266,FAILED_HARD_GATE
Portfolio Strategy Tuning Baseline,0,5,Portfolio Strategy Tuning Baseline-0-7,POLICY_SPECIFICATION_CHANGED;CLEAN_PANEL_W_STAR_CHANGED,-0.0550566977603898,-0.0038216489192355,FAILED_HARD_GATE
Portfolio Strategy Tuning Baseline,0,5,Portfolio Strategy Tuning Baseline-0-6,POLICY_SPECIFICATION_CHANGED;CLEAN_PANEL_W_STAR_CHANGED,-0.0550566977603898,-0.0038216489192355,FAILED_HARD_GATE
Portfolio Strategy Tuning Baseline,0,2,Portfolio Strategy Tuning Baseline-0-5,POLICY_SPECIFICATION_CHANGED;CLEAN_PANEL_W_STAR_CHANGED,-0.0552744959531898,0.0082537607966051,FAILED_HARD_GATE
Portfolio Strategy Tuning Baseline,0,2,Portfolio Strategy Tuning Baseline-0-6,POLICY_SPECIFICATION_CHANGED;CLEAN_PANEL_W_STAR_CHANGED,-0.0558910107151743,0.0082596254706458,FAILED_HARD_GATE
Portfolio Strategy Tuning Baseline,0,2,Portfolio Strategy Tuning Baseline-0-7,POLICY_SPECIFICATION_CHANGED;CLEAN_PANEL_W_STAR_CHANGED,-0.0558910107151743,0.0082596254706458,FAILED_HARD_GATE
Portfolio Strategy Tuning Baseline,0,5,Portfolio Strategy Tuning Baseline-0-5,POLICY_SPECIFICATION_CHANGED;CLEAN_PANEL_W_STAR_CHANGED,-0.0564029059374638,-0.0053304396340819,FAILED_HARD_GATE
Portfolio Strategy Tuning Baseline,0,2,Portfolio Strategy Tuning Baseline-0-4,POLICY_SPECIFICATION_CHANGED;CLEAN_PANEL_W_STAR_CHANGED,-0.0567448382155815,0.0081466693838102,FAILED_HARD_GATE
Unconstrained Portfolio Harness Search,0,4,Unconstrained Portfolio Harness Search-0-10,POLICY_SPECIFICATION_CHANGED;FUTURE_RETURN_LEAKAGE;CLEAN_PANEL_W_STAR_CHANGED,-0.0696147508171503,0.0789792730970453,FAILED_HARD_GATE
Unconstrained Portfolio Harness Search,0,1,Unconstrained Portfolio Harness Search-0-0,POLICY_SPECIFICATION_CHANGED;CLEAN_PANEL_W_STAR_CHANGED,-0.0701699590327068,-0.2490228648262509,FAILED_HARD_GATE
Unconstrained Portfolio Harness Search,0,5,Unconstrained Portfolio Harness Search-0-11,POLICY_SPECIFICATION_CHANGED;CLEAN_PANEL_W_STAR_CHANGED,-0.079604344665564,-0.0004058898845954,FAILED_HARD_GATE
Unconstrained Portfolio Harness Search,0,5,Unconstrained Portfolio Harness Search-0-7,POLICY_SPECIFICATION_CHANGED;CLEAN_PANEL_W_STAR_CHANGED,-0.080734203211802,0.0119013501993278,FAILED_HARD_GATE
Unconstrained Portfolio Harness Search,0,5,Unconstrained Portfolio Harness Search-0-1,POLICY_SPECIFICATION_CHANGED;CLEAN_PANEL_W_STAR_CHANGED,-0.0828383037998492,0.0073767111621901,FAILED_HARD_GATE
Portfolio Strategy Tuning Baseline,0,4,Portfolio Strategy Tuning Baseline-0-4,POLICY_SPECIFICATION_CHANGED;CLEAN_PANEL_W_STAR_CHANGED,-0.0858310207280548,0.0764195465248301,FAILED_HARD_GATE
Portfolio Strategy Tuning Baseline,0,4,Portfolio Strategy Tuning Baseline-0-7,POLICY_SPECIFICATION_CHANGED;CLEAN_PANEL_W_STAR_CHANGED,-0.0861764758384185,0.0774846555923352,FAILED_HARD_GATE
Portfolio Strategy Tuning Baseline,0,4,Portfolio Strategy Tuning Baseline-0-6,POLICY_SPECIFICATION_CHANGED;CLEAN_PANEL_W_STAR_CHANGED,-0.0861764758384185,0.0774846555923352,FAILED_HARD_GATE
Unconstrained Portfolio Harness Search,0,3,Unconstrained Portfolio Harness Search-0-4,POLICY_SPECIFICATION_CHANGED;FUTURE_RETURN_LEAKAGE;CLEAN_PANEL_W_STAR_CHANGED,-0.0865339859829636,0.2011655628432924,FAILED_HARD_GATE
Portfolio Strategy Tuning Baseline,0,4,Portfolio Strategy Tuning Baseline-0-5,POLICY_SPECIFICATION_CHANGED;CLEAN_PANEL_W_STAR_CHANGED,-0.087183438447978,0.0794921843607474,FAILED_HARD_GATE
Unconstrained Portfolio Harness Search,0,5,Unconstrained Portfolio Harness Search-0-8,POLICY_SPECIFICATION_CHANGED;CLEAN_PANEL_W_STAR_CHANGED;LOOSE_COST_ACCOUNTING,-0.0880675021782726,0.0063353617085553,FAILED_HARD_GATE
Unconstrained Portfolio Harness Search,0,2,Unconstrained Portfolio Harness Search-0-11,POLICY_SPECIFICATION_CHANGED;CLEAN_PANEL_W_STAR_CHANGED,-0.0907771415149927,-0.0052617149004575,FAILED_HARD_GATE
Unconstrained Portfolio Harness Search,0,2,Unconstrained Portfolio Harness Search-0-4,POLICY_SPECIFICATION_CHANGED;FUTURE_RETURN_LEAKAGE;CLEAN_PANEL_W_STAR_CHANGED,-0.0924112349762784,0.1177369151594919,FAILED_HARD_GATE
Unconstrained Portfolio Harness Search,0,2,Unconstrained Portfolio Harness Search-0-7,POLICY_SPECIFICATION_CHANGED;CLEAN_PANEL_W_STAR_CHANGED,-0.0951947676757088,-0.0136363650592467,FAILED_HARD_GATE
Unconstrained Portfolio Harness Search,0,2,Unconstrained Portfolio Harness Search-0-1,POLICY_SPECIFICATION_CHANGED;CLEAN_PANEL_W_STAR_CHANGED,-0.0977986629967292,-0.0145859209788581,FAILED_HARD_GATE
Unconstrained Portfolio Harness Search,0,2,Unconstrained Portfolio Harness Search-0-10,POLICY_SPECIFICATION_CHANGED;FUTURE_RETURN_LEAKAGE;CLEAN_PANEL_W_STAR_CHANGED,-0.099441924997042,0.0756809753020279,FAILED_HARD_GATE
Portfolio Strategy Tuning Baseline,0,3,Portfolio Strategy Tuning Baseline-0-5,POLICY_SPECIFICATION_CHANGED;CLEAN_PANEL_W_STAR_CHANGED,-0.1017672531522923,0.1257625384979913,FAILED_HARD_GATE
Portfolio Strategy Tuning Baseline,0,3,Portfolio Strategy Tuning Baseline-0-7,POLICY_SPECIFICATION_CHANGED;CLEAN_PANEL_W_STAR_CHANGED,-0.1025992290054084,0.1243284896237809,FAILED_HARD_GATE
Portfolio Strategy Tuning Baseline,0,3,Portfolio Strategy Tuning Baseline-0-6,POLICY_SPECIFICATION_CHANGED;CLEAN_PANEL_W_STAR_CHANGED,-0.1025992290054084,0.1243284896237809,FAILED_HARD_GATE
Portfolio Strategy Tuning Baseline,0,3,Portfolio Strategy Tuning Baseline-0-4,POLICY_SPECIFICATION_CHANGED;CLEAN_PANEL_W_STAR_CHANGED,-0.1036524790584814,0.1235108143628822,FAILED_HARD_GATE
Unconstrained Portfolio Harness Search,0,2,Unconstrained Portfolio Harness Search-0-8,POLICY_SPECIFICATION_CHANGED;CLEAN_PANEL_W_STAR_CHANGED;LOOSE_COST_ACCOUNTING,-0.1058495579533022,-0.015788535524558,FAILED_HARD_GATE
Unconstrained Portfolio Harness Search,0,3,Unconstrained Portfolio Harness Search-0-10,POLICY_SPECIFICATION_CHANGED;FUTURE_RETURN_LEAKAGE;CLEAN_PANEL_W_STAR_CHANGED,-0.1144229445526416,0.1954638675648483,FAILED_HARD_GATE
Unconstrained Portfolio Harness Search,0,4,Unconstrained Portfolio Harness Search-0-7,POLICY_SPECIFICATION_CHANGED;CLEAN_PANEL_W_STAR_CHANGED,-0.1237849676657914,0.1152334663777659,FAILED_HARD_GATE
Portfolio Strategy Tuning Baseline,0,2,Portfolio Strategy Tuning Baseline-0-0,POLICY_SPECIFICATION_CHANGED;CLEAN_PANEL_W_STAR_CHANGED,-0.1269558348958706,-0.0246980916837981,FAILED_HARD_GATE
Unconstrained Portfolio Harness Search,0,4,Unconstrained Portfolio Harness Search-0-11,POLICY_SPECIFICATION_CHANGED;CLEAN_PANEL_W_STAR_CHANGED,-0.1280328495054876,0.1079038705644544,FAILED_HARD_GATE
Portfolio Strategy Tuning Baseline,0,2,Portfolio Strategy Tuning Baseline-0-3,POLICY_SPECIFICATION_CHANGED;CLEAN_PANEL_W_STAR_CHANGED,-0.1284463580473173,-0.0234764059975105,FAILED_HARD_GATE
Portfolio Strategy Tuning Baseline,0,2,Portfolio Strategy Tuning Baseline-0-2,POLICY_SPECIFICATION_CHANGED;CLEAN_PANEL_W_STAR_CHANGED,-0.1284463580473173,-0.0234764059975105,FAILED_HARD_GATE
Unconstrained Portfolio Harness Search,0,4,Unconstrained Portfolio Harness Search-0-1,POLICY_SPECIFICATION_CHANGED;CLEAN_PANEL_W_STAR_CHANGED,-0.1297685090182033,0.1160511799482413,FAILED_HARD_GATE
Portfolio Strategy Tuning Baseline,0,2,Portfolio Strategy Tuning Baseline-0-1,POLICY_SPECIFICATION_CHANGED;CLEAN_PANEL_W_STAR_CHANGED,-0.129927235063276,-0.0212672895261745,FAILED_HARD_GATE
Unconstrained Portfolio Harness Search,0,5,Unconstrained Portfolio Harness Search-0-6,POLICY_SPECIFICATION_CHANGED;CLEAN_PANEL_W_STAR_CHANGED;LOOSE_COST_ACCOUNTING,-0.1352882394787666,-0.0432485708057384,FAILED_HARD_GATE
Unconstrained Portfolio Harness Search,0,3,Unconstrained Portfolio Harness Search-0-11,POLICY_SPECIFICATION_CHANGED;CLEAN_PANEL_W_STAR_CHANGED,-0.1368735969240808,0.1434994942677757,FAILED_HARD_GATE
Unconstrained Portfolio Harness Search,0,4,Unconstrained Portfolio Harness Search-0-8,POLICY_SPECIFICATION_CHANGED;CLEAN_PANEL_W_STAR_CHANGED;LOOSE_COST_ACCOUNTING,-0.1373612937318465,0.1256031667900075,FAILED_HARD_GATE
Portfolio Strategy Tuning Baseline,0,5,Portfolio Strategy Tuning Baseline-0-0,POLICY_SPECIFICATION_CHANGED;CLEAN_PANEL_W_STAR_CHANGED,-0.1469833079629563,-0.0244306422962063,FAILED_HARD_GATE
Portfolio Strategy Tuning Baseline,0,5,Portfolio Strategy Tuning Baseline-0-3,POLICY_SPECIFICATION_CHANGED;CLEAN_PANEL_W_STAR_CHANGED,-0.1481061019048585,-0.0247372460614622,FAILED_HARD_GATE
Portfolio Strategy Tuning Baseline,0,5,Portfolio Strategy Tuning Baseline-0-2,POLICY_SPECIFICATION_CHANGED;CLEAN_PANEL_W_STAR_CHANGED,-0.1481061019048585,-0.0247372460614622,FAILED_HARD_GATE
Portfolio Strategy Tuning Baseline,0,5,Portfolio Strategy Tuning Baseline-0-1,POLICY_SPECIFICATION_CHANGED;CLEAN_PANEL_W_STAR_CHANGED,-0.1492573111402332,-0.0254971511429971,FAILED_HARD_GATE
Unconstrained Portfolio Harness Search,0,3,Unconstrained Portfolio Harness Search-0-7,POLICY_SPECIFICATION_CHANGED;CLEAN_PANEL_W_STAR_CHANGED,-0.1509569742080695,0.1452730323387677,FAILED_HARD_GATE
Unconstrained Portfolio Harness Search,0,2,Unconstrained Portfolio Harness Search-0-6,POLICY_SPECIFICATION_CHANGED;CLEAN_PANEL_W_STAR_CHANGED;LOOSE_COST_ACCOUNTING,-0.1510762743124676,-0.0003060934695212,FAILED_HARD_GATE
Unconstrained Portfolio Harness Search,0,3,Unconstrained Portfolio Harness Search-0-1,POLICY_SPECIFICATION_CHANGED;CLEAN_PANEL_W_STAR_CHANGED,-0.1513789558161264,0.1447647837054441,FAILED_HARD_GATE
Unconstrained Portfolio Harness Search,0,5,Unconstrained Portfolio Harness Search-0-0,POLICY_SPECIFICATION_CHANGED;CLEAN_PANEL_W_STAR_CHANGED,-0.1549591746231533,-0.0634956138486855,FAILED_HARD_GATE
Portfolio Strategy Tuning Baseline,0,4,Portfolio Strategy Tuning Baseline-0-0,POLICY_SPECIFICATION_CHANGED;CLEAN_PANEL_W_STAR_CHANGED,-0.1584232586524882,0.0415906793512747,FAILED_HARD_GATE
Unconstrained Portfolio Harness Search,0,3,Unconstrained Portfolio Harness Search-0-8,POLICY_SPECIFICATION_CHANGED;CLEAN_PANEL_W_STAR_CHANGED;LOOSE_COST_ACCOUNTING,-0.1585869968883953,0.1528004172787569,FAILED_HARD_GATE
Portfolio Strategy Tuning Baseline,0,4,Portfolio Strategy Tuning Baseline-0-2,POLICY_SPECIFICATION_CHANGED;CLEAN_PANEL_W_STAR_CHANGED,-0.1597318930069374,0.0440842985231134,FAILED_HARD_GATE
Portfolio Strategy Tuning Baseline,0,4,Portfolio Strategy Tuning Baseline-0-3,POLICY_SPECIFICATION_CHANGED;CLEAN_PANEL_W_STAR_CHANGED,-0.1597318930069374,0.0440842985231134,FAILED_HARD_GATE
Unconstrained Portfolio Harness Search,0,4,Unconstrained Portfolio Harness Search-0-6,POLICY_SPECIFICATION_CHANGED;CLEAN_PANEL_W_STAR_CHANGED;LOOSE_COST_ACCOUNTING,-0.1600928671783481,0.0416205404703765,FAILED_HARD_GATE
Portfolio Strategy Tuning Baseline,0,4,Portfolio Strategy Tuning Baseline-0-1,POLICY_SPECIFICATION_CHANGED;CLEAN_PANEL_W_STAR_CHANGED,-0.1613437209626441,0.0471270401471839,FAILED_HARD_GATE
Unconstrained Portfolio Harness Search,0,5,Unconstrained Portfolio Harness Search-0-3,POLICY_SPECIFICATION_CHANGED;CLEAN_PANEL_W_STAR_CHANGED;LOOSE_COST_ACCOUNTING,-0.1640373369833107,-0.0533003895640898,FAILED_HARD_GATE
Unconstrained Portfolio Harness Search,0,2,Unconstrained Portfolio Harness Search-0-3,POLICY_SPECIFICATION_CHANGED;CLEAN_PANEL_W_STAR_CHANGED;LOOSE_COST_ACCOUNTING,-0.1672074741221244,-0.0140379275839465,FAILED_HARD_GATE
Portfolio Strategy Tuning Baseline,0,2,Portfolio Strategy Tuning Baseline-0-8,POLICY_SPECIFICATION_CHANGED;CLEAN_PANEL_W_STAR_CHANGED,-0.1716543217057731,-0.0248248241191475,FAILED_HARD_GATE
Portfolio Strategy Tuning Baseline,0,2,Portfolio Strategy Tuning Baseline-0-11,POLICY_SPECIFICATION_CHANGED;CLEAN_PANEL_W_STAR_CHANGED,-0.1734481431433578,-0.0220959048935494,FAILED_HARD_GATE
Portfolio Strategy Tuning Baseline,0,2,Portfolio Strategy Tuning Baseline-0-10,POLICY_SPECIFICATION_CHANGED;CLEAN_PANEL_W_STAR_CHANGED,-0.1734481431433578,-0.0220959048935494,FAILED_HARD_GATE
Portfolio Strategy Tuning Baseline,0,2,Portfolio Strategy Tuning Baseline-0-9,POLICY_SPECIFICATION_CHANGED;CLEAN_PANEL_W_STAR_CHANGED,-0.1744308002877119,-0.0202137006686841,FAILED_HARD_GATE
Portfolio Strategy Tuning Baseline,0,5,Portfolio Strategy Tuning Baseline-0-10,POLICY_SPECIFICATION_CHANGED;CLEAN_PANEL_W_STAR_CHANGED,-0.1762642510731703,-0.0391982305725281,FAILED_HARD_GATE
Portfolio Strategy Tuning Baseline,0,5,Portfolio Strategy Tuning Baseline-0-11,POLICY_SPECIFICATION_CHANGED;CLEAN_PANEL_W_STAR_CHANGED,-0.1762642510731703,-0.0391982305725281,FAILED_HARD_GATE
Portfolio Strategy Tuning Baseline,0,5,Portfolio Strategy Tuning Baseline-0-8,POLICY_SPECIFICATION_CHANGED;CLEAN_PANEL_W_STAR_CHANGED,-0.1765066096390762,-0.0385275986686944,FAILED_HARD_GATE
Portfolio Strategy Tuning Baseline,0,5,Portfolio Strategy Tuning Baseline-0-9,POLICY_SPECIFICATION_CHANGED;CLEAN_PANEL_W_STAR_CHANGED,-0.1782409662528195,-0.039442159639783,FAILED_HARD_GATE
Unconstrained Portfolio Harness Search,0,4,Unconstrained Portfolio Harness Search-0-3,POLICY_SPECIFICATION_CHANGED;CLEAN_PANEL_W_STAR_CHANGED;LOOSE_COST_ACCOUNTING,-0.1822649093400567,0.0354577748183093,FAILED_HARD_GATE
Portfolio Strategy Tuning Baseline,0,3,Portfolio Strategy Tuning Baseline-0-0,POLICY_SPECIFICATION_CHANGED;CLEAN_PANEL_W_STAR_CHANGED,-0.1913912628080132,0.1045351955540594,FAILED_HARD_GATE
Portfolio Strategy Tuning Baseline,0,3,Portfolio Strategy Tuning Baseline-0-1,POLICY_SPECIFICATION_CHANGED;CLEAN_PANEL_W_STAR_CHANGED,-0.1914469121490158,0.1094199387714066,FAILED_HARD_GATE
Portfolio Strategy Tuning Baseline,0,3,Portfolio Strategy Tuning Baseline-0-3,POLICY_SPECIFICATION_CHANGED;CLEAN_PANEL_W_STAR_CHANGED,-0.1917391846659687,0.1066593056405569,FAILED_HARD_GATE
Portfolio Strategy Tuning Baseline,0,3,Portfolio Strategy Tuning Baseline-0-2,POLICY_SPECIFICATION_CHANGED;CLEAN_PANEL_W_STAR_CHANGED,-0.1917391846659687,0.1066593056405569,FAILED_HARD_GATE
Portfolio Strategy Tuning Baseline,0,4,Portfolio Strategy Tuning Baseline-0-8,POLICY_SPECIFICATION_CHANGED;CLEAN_PANEL_W_STAR_CHANGED,-0.1977772295062637,0.039154532635889,FAILED_HARD_GATE
Portfolio Strategy Tuning Baseline,0,4,Portfolio Strategy Tuning Baseline-0-11,POLICY_SPECIFICATION_CHANGED;CLEAN_PANEL_W_STAR_CHANGED,-0.197844903901485,0.0429675419080033,FAILED_HARD_GATE
Portfolio Strategy Tuning Baseline,0,4,Portfolio Strategy Tuning Baseline-0-10,POLICY_SPECIFICATION_CHANGED;CLEAN_PANEL_W_STAR_CHANGED,-0.197844903901485,0.0429675419080033,FAILED_HARD_GATE
Portfolio Strategy Tuning Baseline,0,4,Portfolio Strategy Tuning Baseline-0-9,POLICY_SPECIFICATION_CHANGED;CLEAN_PANEL_W_STAR_CHANGED,-0.1988922991630699,0.047165927086838,FAILED_HARD_GATE
Unconstrained Portfolio Harness Search,0,3,Unconstrained Portfolio Harness Search-0-6,POLICY_SPECIFICATION_CHANGED;CLEAN_PANEL_W_STAR_CHANGED;LOOSE_COST_ACCOUNTING,-0.1996961909669205,0.1242191494438369,FAILED_HARD_GATE
Unconstrained Portfolio Harness Search,0,3,Unconstrained Portfolio Harness Search-0-3,POLICY_SPECIFICATION_CHANGED;CLEAN_PANEL_W_STAR_CHANGED;LOOSE_COST_ACCOUNTING,-0.2216593000280682,0.1216112171285895,FAILED_HARD_GATE
Portfolio Strategy Tuning Baseline,0,3,Portfolio Strategy Tuning Baseline-0-9,POLICY_SPECIFICATION_CHANGED;CLEAN_PANEL_W_STAR_CHANGED,-0.2330253618307634,0.1198226852453122,FAILED_HARD_GATE
Portfolio Strategy Tuning Baseline,0,3,Portfolio Strategy Tuning Baseline-0-10,POLICY_SPECIFICATION_CHANGED;CLEAN_PANEL_W_STAR_CHANGED,-0.2340708375513546,0.1155265245429521,FAILED_HARD_GATE
Portfolio Strategy Tuning Baseline,0,3,Portfolio Strategy Tuning Baseline-0-11,POLICY_SPECIFICATION_CHANGED;CLEAN_PANEL_W_STAR_CHANGED,-0.2340708375513546,0.1155265245429521,FAILED_HARD_GATE
Portfolio Strategy Tuning Baseline,0,3,Portfolio Strategy Tuning Baseline-0-8,POLICY_SPECIFICATION_CHANGED;CLEAN_PANEL_W_STAR_CHANGED,-0.2350258615733216,0.1117373392870597,FAILED_HARD_GATE
Unconstrained Portfolio Harness Search,0,4,Unconstrained Portfolio Harness Search-0-0,POLICY_SPECIFICATION_CHANGED;CLEAN_PANEL_W_STAR_CHANGED,-0.2356528607199661,0.0416750674010243,FAILED_HARD_GATE
Unconstrained Portfolio Harness Search,0,2,Unconstrained Portfolio Harness Search-0-0,POLICY_SPECIFICATION_CHANGED;CLEAN_PANEL_W_STAR_CHANGED,-0.2715055050991056,-0.0103192238716578,FAILED_HARD_GATE
Unconstrained Portfolio Harness Search,0,3,Unconstrained Portfolio Harness Search-0-0,POLICY_SPECIFICATION_CHANGED;CLEAN_PANEL_W_STAR_CHANGED,-0.2986469231273063,0.1324354141016392,FAILED_HARD_GATE
