arm,seed,split_id,candidate_id,selection_score,is_score,oos_score,valid_for_selection,selection_status,gate_pass,gate_reason,clean_panel_w_star_invariance,policy_specification_frozen,leakage_audit_pass,candidate_values,is_cumulative_return,is_annualized_return,is_sharpe,is_sortino,is_calmar,is_max_drawdown,is_drawdown_duration,is_cvar_95,is_downside_deviation,is_realized_volatility,is_turnover,is_transaction_cost_paid,is_turnover_adjusted_net_return,is_constraint_violation_severity,is_infeasible_optimization_events,is_optimizer_recovery_success_rate,is_failed_rebalance_retention_rate,is_cash_ratio_due_to_infeasibility,is_exposure_drift,is_herfindahl_index,is_diversification_ratio,is_asset_class_cap_violation_severity,is_high_vol_return,is_normal_vol_return,is_stress_recovery_return,is_n_days,oos_cumulative_return,oos_annualized_return,oos_sharpe,oos_sortino,oos_calmar,oos_max_drawdown,oos_drawdown_duration,oos_cvar_95,oos_downside_deviation,oos_realized_volatility,oos_turnover,oos_transaction_cost_paid,oos_turnover_adjusted_net_return,oos_constraint_violation_severity,oos_infeasible_optimization_events,oos_optimizer_recovery_success_rate,oos_failed_rebalance_retention_rate,oos_cash_ratio_due_to_infeasibility,oos_exposure_drift,oos_herfindahl_index,oos_diversification_ratio,oos_asset_class_cap_violation_severity,oos_high_vol_return,oos_normal_vol_return,oos_stress_recovery_return,oos_n_days,chosen
Fixed Safe Portfolio Harness,0,0,Fixed Safe Portfolio Harness-0-0,0.21619496973780988,0.08881237818886537,-0.14653770427147314,True,VALID_SELECTED,True,VALID,True,True,True,"{'covariance_estimator': 'ledoit_wolf_0_20', 'solver': 'projected_closed_form', 'solver_tolerance': 1e-08, 'retry_policy': 'retry_then_fallback', 'fallback_policy': 'previous_weights', 'constraint_repair': 'clip_scale_turnover', 'missing_policy': 'past_only_impute', 'stale_policy': 'stale_asset_to_cash', 'turnover_enforcement': 'scale_trades', 'cost_accounting': 'conservative', 'exposure_monitoring': 'full_audit', 'retain_failed_rebalance': True, 'allow_future_returns': False, 'ignore_infeasible_days': False, 'allow_policy_change': False, 'risk_aversion_lambda': 3.0, 'objective_return_weight': 1.0, 'max_weight': 0.18, 'turnover_cap': 0.35, 'asset_class_cap': 0.55, 'min_cash_buffer': 0.0, 'rebalance_frequency': 'W-FRI', 'momentum_window': 20, 'volatility_penalty': 0.5, 'universe_token': 'fixed'}",0.10447487818886536,0.10447487818886536,1.05407782049835,0.9781749364562102,2.483580600389332,-0.04206623218609762,44.0,-0.014711736089852349,0.1066147319011986,0.09893753248070937,0.06805555555555556,0.0156625,0.08881237818886537,6.8287527308293355e-18,0.0,1.0,1.0,0.06772466603165038,0.06772466603165038,0.053806834966492106,1.4815789279073888,0.0,0.002586067148132092,0.0003788047984283164,0.00032379319377068765,252.0,-0.13436313798104937,-0.2506728231139842,-1.912400067390164,-1.6686402315227136,-1.7271500840886682,-0.1451366765536487,63.0,-0.024540570654827044,0.1664871476972661,0.1452662324250194,0.07729883358999212,0.01217456629042376,-0.14653770427147314,0.0050766113677699004,0.0,1.0,1.0,0.05168016378178328,0.05168016378178328,0.059808654013554764,1.5698675972402178,0.0,-0.0008541723823140778,-0.0014556696163138354,-0.001102409336028263,126.0,True
Same-Budget Safe Configuration Search,0,0,Same-Budget Safe Configuration Search-0-0,0.2297372938329304,0.10759926233519548,-0.15068771073329285,True,VALID_SELECTED,True,VALID,True,True,True,"{'covariance_estimator': 'sample_then_diagonal', 'solver': 'projected_closed_form', 'solver_tolerance': 1e-08, 'retry_policy': 'retry_then_fallback', 'fallback_policy': 'previous_weights', 'constraint_repair': 'clip_scale_turnover', 'missing_policy': 'past_only_impute', 'stale_policy': 'stale_asset_to_cash', 'turnover_enforcement': 'scale_trades', 'cost_accounting': 'strict', 'exposure_monitoring': 'full_audit', 'retain_failed_rebalance': True, 'allow_future_returns': False, 'ignore_infeasible_days': False, 'allow_policy_change': False, 'risk_aversion_lambda': 3.0, 'objective_return_weight': 1.0, 'max_weight': 0.18, 'turnover_cap': 0.35, 'asset_class_cap': 0.55, 'min_cash_buffer': 0.0, 'rebalance_frequency': 'W-FRI', 'momentum_window': 20, 'volatility_penalty': 0.5, 'universe_token': 'fixed'}",0.12326176233519548,0.12326176233519548,1.1579021727808039,1.1014128876946379,2.972241618227335,-0.04147097651122644,35.0,-0.015311968274716547,0.11058373782738073,0.10518881203928716,0.06805555555555555,0.0156625,0.10759926233519548,3.744799884648345e-18,0.0,1.0,1.0,0.06589691636747803,0.06589691636747803,0.05546812779969854,1.4767787153542886,0.0,0.00211423459064147,0.0004570218372982106,0.0003672853707164419,252.0,-0.13852026269856532,-0.2578526622190511,-1.7350301928993237,-1.5637989107617212,-1.734986079142325,-0.14861944157299423,64.0,-0.026293857575663975,0.18194451982467427,0.16398829431632822,0.0772536383157302,0.01216744803472751,-0.15068771073329285,0.005031416093508005,0.0,1.0,1.0,0.018479934089944944,0.018479934089944944,0.060180530470607195,1.5324589409064875,0.0,-0.0008231555128590928,-0.0015644002501706176,-0.0011290660393686112,126.0,True
Random Legal Harness Patch,0,0,Random Legal Harness Patch-0-1,0.0,0.10759926233519548,-0.15068771073329285,True,VALID_SELECTED,True,VALID,True,True,True,"{'covariance_estimator': 'sample_then_diagonal', 'solver': 'projected_closed_form', 'solver_tolerance': 1e-08, 'retry_policy': 'retry_then_fallback', 'fallback_policy': 'previous_weights', 'constraint_repair': 'clip_scale_turnover', 'missing_policy': 'past_only_impute', 'stale_policy': 'stale_asset_to_cash', 'turnover_enforcement': 'scale_trades', 'cost_accounting': 'conservative', 'exposure_monitoring': 'full_audit', 'retain_failed_rebalance': True, 'allow_future_returns': False, 'ignore_infeasible_days': False, 'allow_policy_change': False, 'risk_aversion_lambda': 3.0, 'objective_return_weight': 1.0, 'max_weight': 0.18, 'turnover_cap': 0.35, 'asset_class_cap': 0.55, 'min_cash_buffer': 0.0, 'rebalance_frequency': 'W-FRI', 'momentum_window': 20, 'volatility_penalty': 0.5, 'universe_token': 'fixed'}",0.12326176233519548,0.12326176233519548,1.1579021727808039,1.1014128876946379,2.972241618227335,-0.04147097651122644,35.0,-0.015311968274716547,0.11058373782738073,0.10518881203928716,0.06805555555555555,0.0156625,0.10759926233519548,3.744799884648345e-18,0.0,1.0,1.0,0.06589691636747803,0.06589691636747803,0.05546812779969854,1.4767787153542886,0.0,0.00211423459064147,0.0004570218372982106,0.0003672853707164419,252.0,-0.13852026269856532,-0.2578526622190511,-1.7350301928993237,-1.5637989107617212,-1.734986079142325,-0.14861944157299423,64.0,-0.026293857575663975,0.18194451982467427,0.16398829431632822,0.0772536383157302,0.01216744803472751,-0.15068771073329285,0.005031416093508005,0.0,1.0,1.0,0.018479934089944944,0.018479934089944944,0.060180530470607195,1.5324589409064875,0.0,-0.0008231555128590928,-0.0015644002501706176,-0.0011290660393686112,126.0,True
TASE Typed Portfolio Harness Reconstruction,0,0,TASE Typed Portfolio Harness Reconstruction-0-3,0.2297372938329304,0.10759926233519548,-0.15068771073329285,True,VALID_SELECTED,True,VALID,True,True,True,"{'covariance_estimator': 'sample_then_diagonal', 'solver': 'projected_closed_form', 'solver_tolerance': 1e-08, 'retry_policy': 'retry_then_fallback', 'fallback_policy': 'previous_weights', 'constraint_repair': 'clip_scale_turnover', 'missing_policy': 'past_only_impute', 'stale_policy': 'stale_asset_to_cash', 'turnover_enforcement': 'scale_trades', 'cost_accounting': 'strict', 'exposure_monitoring': 'full_audit', 'retain_failed_rebalance': True, 'allow_future_returns': False, 'ignore_infeasible_days': False, 'allow_policy_change': False, 'risk_aversion_lambda': 3.0, 'objective_return_weight': 1.0, 'max_weight': 0.18, 'turnover_cap': 0.35, 'asset_class_cap': 0.55, 'min_cash_buffer': 0.0, 'rebalance_frequency': 'W-FRI', 'momentum_window': 20, 'volatility_penalty': 0.5, 'universe_token': 'fixed'}",0.12326176233519548,0.12326176233519548,1.1579021727808039,1.1014128876946379,2.972241618227335,-0.04147097651122644,35.0,-0.015311968274716547,0.11058373782738073,0.10518881203928716,0.06805555555555555,0.0156625,0.10759926233519548,3.744799884648345e-18,0.0,1.0,1.0,0.06589691636747803,0.06589691636747803,0.05546812779969854,1.4767787153542886,0.0,0.00211423459064147,0.0004570218372982106,0.0003672853707164419,252.0,-0.13852026269856532,-0.2578526622190511,-1.7350301928993237,-1.5637989107617212,-1.734986079142325,-0.14861944157299423,64.0,-0.026293857575663975,0.18194451982467427,0.16398829431632822,0.0772536383157302,0.01216744803472751,-0.15068771073329285,0.005031416093508005,0.0,1.0,1.0,0.018479934089944944,0.018479934089944944,0.060180530470607195,1.5324589409064875,0.0,-0.0008231555128590928,-0.0015644002501706176,-0.0011290660393686112,126.0,True
Unconstrained Portfolio Harness Search,0,0,,,,,False,NO_VALID_CANDIDATE,False,NO_VALID_CANDIDATE,,,,,,,,,,,,,,,,,,,,,,,,,,,,,,,,,,,,,,,,,,,,,,,,,,,,,,,,,False
Portfolio Strategy Tuning Baseline,0,0,Portfolio Strategy Tuning Baseline-0-6,0.2607797611200909,0.1251730750278808,-0.10532234595852533,False,STRATEGY_SELECTED,False,POLICY_SPECIFICATION_CHANGED;CLEAN_PANEL_W_STAR_CHANGED,False,False,True,"{'covariance_estimator': 'ledoit_wolf_0_20', 'solver': 'projected_closed_form', 'solver_tolerance': 1e-08, 'retry_policy': 'retry_then_fallback', 'fallback_policy': 'previous_weights', 'constraint_repair': 'clip_scale_turnover', 'missing_policy': 'past_only_impute', 'stale_policy': 'stale_asset_to_cash', 'turnover_enforcement': 'scale_trades', 'cost_accounting': 'conservative', 'exposure_monitoring': 'full_audit', 'retain_failed_rebalance': True, 'allow_future_returns': False, 'ignore_infeasible_days': False, 'allow_policy_change': True, 'risk_aversion_lambda': 1.0, 'objective_return_weight': 1.0, 'max_weight': 0.18, 'turnover_cap': 0.35, 'asset_class_cap': 0.55, 'min_cash_buffer': 0.0, 'rebalance_frequency': 'M', 'momentum_window': 60, 'volatility_penalty': 0.5, 'universe_token': 'fixed'}",0.1274480750278808,0.1274480750278808,1.5774673100030434,1.5102929093996542,2.9797450259528513,-0.04277147001432646,32.0,-0.011177317479800152,0.08146055705479519,0.07799166482592008,0.009722222222222222,0.002275,0.1251730750278808,1.101411730778925e-18,0.0,1.0,1.0,0.33362950460784757,0.33362950460784757,0.020692507777403175,1.4679996860065383,0.0,0.0007934692424741757,0.00048328800300688067,0.000502190408229425,252.0,-0.10159694959380894,-0.19287195902085097,-1.3085846513382973,-1.1980910008899017,-1.5330873541601335,-0.12580624221932313,64.0,-0.02418550338935947,0.1687680898845844,0.15451772991629392,0.023653310252167513,0.0037253963647163836,-0.10532234595852533,0.00420886580772307,0.0,1.0,1.0,0.07489718041053889,0.07489718041053889,0.039208710889088,1.4672890299564014,0.0,-0.0004256671036999416,-0.001338469215197185,-0.0008023790862226136,126.0,True
Equal Weight ETF Portfolio,0,0,Equal Weight ETF Portfolio-0-0,,,-0.1392953196308299,True,PASSIVE,True,PASSIVE,,,,,,,,,,,,,,,,,,,,,,,,,,,,,,,-0.1380453196308299,-0.2570341289896818,-1.6196072201715708,-1.4863830166197551,-1.6681539975664694,-0.15408297397281512,122.0,-0.02573130675560455,0.18955445698995957,0.17396225583917124,0.007936507936507936,0.00125,-0.1392953196308299,0.005158730158730159,0.0,1.0,1.0,0.0,0.0,0.025641025641025616,1.4283696464346238,0.0,-0.0006899510491886834,-0.0017272862530243321,-0.0011180576412478402,126.0,True
Risk Parity Fixed Portfolio,0,0,Risk Parity Fixed Portfolio-0-0,,,-0.1189458238440815,True,PASSIVE,True,PASSIVE,,,,,,,,,,,,,,,,,,,,,,,,,,,,,,,-0.1176958238440815,-0.221539340737826,-1.9582047991661549,-1.824549038627432,-1.6966850151517259,-0.13057187324661723,122.0,-0.01867966219994974,0.13297274866620537,0.12389679610931549,0.007936507936507936,0.0012499999999999998,-0.1189458238440815,0.005158730158730158,0.0,1.0,1.0,1.1102230246251565e-16,1.1102230246251565e-16,0.05096194099190634,1.459869945177562,0.0,-0.0006281831130532154,-0.0014388865385643874,-0.0009627591299308419,126.0,True
60/40 Portfolio,0,0,60/40 Portfolio-0-0,,,-0.16367075184612925,True,PASSIVE,True,PASSIVE,,,,,,,,,,,,,,,,,,,,,,,,,,,,,,,-0.16242075184612925,-0.29846100306199663,-2.2237613170089667,-2.104236775552936,-1.613992360244852,-0.18492095155687005,125.0,-0.022688748849021865,0.16269094505442205,0.15394649912043443,0.007936507936507936,0.00125,-0.16367075184612925,0.6951587301587301,0.0,1.0,1.0,0.0,0.0,0.5199999999999999,1.2215305087516255,0.049999999999999926,-0.0008540220202905072,-0.002076394332980595,-0.0013584931334641942,126.0,True
Fixed Safe Portfolio Harness,0,1,Fixed Safe Portfolio Harness-0-0,0.17902238423128977,0.05668409678826393,-0.2241423787652908,True,VALID_SELECTED,True,VALID,True,True,True,"{'covariance_estimator': 'ledoit_wolf_0_20', 'solver': 'projected_closed_form', 'solver_tolerance': 1e-08, 'retry_policy': 'retry_then_fallback', 'fallback_policy': 'previous_weights', 'constraint_repair': 'clip_scale_turnover', 'missing_policy': 'past_only_impute', 'stale_policy': 'stale_asset_to_cash', 'turnover_enforcement': 'scale_trades', 'cost_accounting': 'conservative', 'exposure_monitoring': 'full_audit', 'retain_failed_rebalance': True, 'allow_future_returns': False, 'ignore_infeasible_days': False, 'allow_policy_change': False, 'risk_aversion_lambda': 3.0, 'objective_return_weight': 1.0, 'max_weight': 0.18, 'turnover_cap': 0.35, 'asset_class_cap': 0.55, 'min_cash_buffer': 0.0, 'rebalance_frequency': 'W-FRI', 'momentum_window': 20, 'volatility_penalty': 0.5, 'universe_token': 'fixed'}",0.07641971288917437,0.07641971288917437,0.8263090963750117,0.8190065239319145,1.4085756698334209,-0.05425318250613531,54.0,-0.013010657902894067,0.09538431988782962,0.09454135336480311,0.07329854048341622,0.019735616100910444,0.05668409678826393,0.0024652071500828984,0.0,1.0,1.0,0.029483785226314254,0.029483785226314254,0.05872309310137297,1.772048998745391,0.0,0.0012920235490357474,0.00021606896604415082,0.0002647044908609562,252.0,-0.21494506976740124,-0.38368875651748946,-2.78823664589483,-2.483492060713586,-1.7324401156842917,-0.22147302700038052,123.0,-0.02594706213757406,0.18897078194207959,0.16831693154559269,0.07672894601834644,0.009197308997889566,-0.2241423787652908,0.004506723796124226,0.0,1.0,1.0,0.033930052407010414,0.033930052407010414,0.055400128154240516,1.3341024226513865,0.0,-0.001957165720983076,-0.001697401318507618,-0.002130097194626645,126.0,True
Same-Budget Safe Configuration Search,0,1,Same-Budget Safe Configuration Search-0-0,0.16931090420751088,0.061927992401448875,-0.21240568023789547,True,VALID_SELECTED,True,VALID,True,True,True,"{'covariance_estimator': 'sample_then_diagonal', 'solver': 'projected_closed_form', 'solver_tolerance': 1e-08, 'retry_policy': 'retry_then_fallback', 'fallback_policy': 'previous_weights', 'constraint_repair': 'clip_scale_turnover', 'missing_policy': 'past_only_impute', 'stale_policy': 'stale_asset_to_cash', 'turnover_enforcement': 'scale_trades', 'cost_accounting': 'strict', 'exposure_monitoring': 'full_audit', 'retain_failed_rebalance': True, 'allow_future_returns': False, 'ignore_infeasible_days': False, 'allow_policy_change': False, 'risk_aversion_lambda': 3.0, 'objective_return_weight': 1.0, 'max_weight': 0.18, 'turnover_cap': 0.35, 'asset_class_cap': 0.55, 'min_cash_buffer': 0.0, 'rebalance_frequency': 'W-FRI', 'momentum_window': 20, 'volatility_penalty': 0.5, 'universe_token': 'fixed'}",0.08167498672090723,0.08167498672090723,0.8037003625056438,0.801633865945908,1.2799215678184832,-0.06381249349529694,57.0,-0.014124194940591004,0.10476229271398142,0.10449292501479497,0.073388843805225,0.01974699431945835,0.061927992401448875,0.002555510471891661,0.0,1.0,1.0,0.018091316506510913,0.018091316506510913,0.06006350190708127,1.703004910330122,0.0,0.0012142047957862461,0.0002489934617668189,0.0002678894959502345,252.0,-0.20314928302647584,-0.3650289348587805,-2.3798611625747945,-2.17989812252683,-1.7218772533438507,-0.21199474826088893,123.0,-0.0276428765862024,0.20039982845052412,0.18356163656259802,0.07710410927885472,0.00925639721141962,-0.21240568023789547,0.004881887056632511,0.0,1.0,1.0,0.010217962419889955,0.010217962419889955,0.060225274730500405,1.324759116057684,0.0,-0.0017757744016006153,-0.0016600794080206284,-0.002073032421978834,126.0,True
Random Legal Harness Patch,0,1,Random Legal Harness Patch-0-1,0.0,0.061927992401448875,-0.21240568023789547,True,VALID_SELECTED,True,VALID,True,True,True,"{'covariance_estimator': 'sample_then_diagonal', 'solver': 'projected_closed_form', 'solver_tolerance': 1e-08, 'retry_policy': 'retry_then_fallback', 'fallback_policy': 'previous_weights', 'constraint_repair': 'clip_scale_turnover', 'missing_policy': 'past_only_impute', 'stale_policy': 'stale_asset_to_cash', 'turnover_enforcement': 'scale_trades', 'cost_accounting': 'conservative', 'exposure_monitoring': 'full_audit', 'retain_failed_rebalance': True, 'allow_future_returns': False, 'ignore_infeasible_days': False, 'allow_policy_change': False, 'risk_aversion_lambda': 3.0, 'objective_return_weight': 1.0, 'max_weight': 0.18, 'turnover_cap': 0.35, 'asset_class_cap': 0.55, 'min_cash_buffer': 0.0, 'rebalance_frequency': 'W-FRI', 'momentum_window': 20, 'volatility_penalty': 0.5, 'universe_token': 'fixed'}",0.08167498672090723,0.08167498672090723,0.8037003625056438,0.801633865945908,1.2799215678184832,-0.06381249349529694,57.0,-0.014124194940591004,0.10476229271398142,0.10449292501479497,0.073388843805225,0.01974699431945835,0.061927992401448875,0.002555510471891661,0.0,1.0,1.0,0.018091316506510913,0.018091316506510913,0.06006350190708127,1.703004910330122,0.0,0.0012142047957862461,0.0002489934617668189,0.0002678894959502345,252.0,-0.20314928302647584,-0.3650289348587805,-2.3798611625747945,-2.17989812252683,-1.7218772533438507,-0.21199474826088893,123.0,-0.0276428765862024,0.20039982845052412,0.18356163656259802,0.07710410927885472,0.00925639721141962,-0.21240568023789547,0.004881887056632511,0.0,1.0,1.0,0.010217962419889955,0.010217962419889955,0.060225274730500405,1.324759116057684,0.0,-0.0017757744016006153,-0.0016600794080206284,-0.002073032421978834,126.0,True
TASE Typed Portfolio Harness Reconstruction,0,1,TASE Typed Portfolio Harness Reconstruction-0-0,0.185964268214515,0.055021067970382184,-0.22449709335539328,True,VALID_SELECTED,True,VALID,True,True,True,"{'covariance_estimator': 'ledoit_wolf_0_50', 'solver': 'projected_closed_form', 'solver_tolerance': 1e-08, 'retry_policy': 'retry_then_fallback', 'fallback_policy': 'risk_parity', 'constraint_repair': 'nearest_feasible', 'missing_policy': 'exclude_asset_this_rebalance', 'stale_policy': 'stale_asset_to_cash', 'turnover_enforcement': 'scale_trades', 'cost_accounting': 'conservative', 'exposure_monitoring': 'full_audit', 'retain_failed_rebalance': True, 'allow_future_returns': False, 'ignore_infeasible_days': False, 'allow_policy_change': False, 'risk_aversion_lambda': 3.0, 'objective_return_weight': 1.0, 'max_weight': 0.18, 'turnover_cap': 0.35, 'asset_class_cap': 0.55, 'min_cash_buffer': 0.0, 'rebalance_frequency': 'W-FRI', 'momentum_window': 20, 'volatility_penalty': 0.5, 'universe_token': 'fixed'}",0.07475636079828507,0.07475636079828507,0.7966594022756242,0.7917022453505269,1.2787292407606063,-0.05846144626662242,44.0,-0.013747447534044284,0.09693896707681886,0.09633577119337862,0.0732959748246261,0.01973529282790289,0.055021067970382184,0.002462641491292781,0.0,1.0,1.0,0.032660194892605125,0.032660194892605125,0.059166729434541335,1.7102823257430668,0.0,0.0015636565585265562,0.00018411458090910454,0.00026771354960529594,252.0,-0.2152547448466321,-0.3841748845142755,-2.8213753444288754,-2.484180458465478,-1.6984923672042511,-0.2261858174532949,112.0,-0.025953591570317288,0.18934335481526104,0.16671410377961654,0.0770149111667376,0.009242348508761171,-0.22449709335539328,0.004792688944515387,0.0,1.0,1.0,0.044058897032688664,0.044058897032688664,0.056019340211916825,1.3339366003295183,0.0,-0.0019746997772863446,-0.0016783814957233877,-0.0021062630490067524,126.0,True
Unconstrained Portfolio Harness Search,0,1,,,,,False,NO_VALID_CANDIDATE,False,NO_VALID_CANDIDATE,,,,,,,,,,,,,,,,,,,,,,,,,,,,,,,,,,,,,,,,,,,,,,,,,,,,,,,,,False
Portfolio Strategy Tuning Baseline,0,1,Portfolio Strategy Tuning Baseline-0-4,0.21793756303658687,0.09946827501592687,-0.1545214241504686,False,STRATEGY_SELECTED,False,POLICY_SPECIFICATION_CHANGED;CLEAN_PANEL_W_STAR_CHANGED,False,False,True,"{'covariance_estimator': 'ledoit_wolf_0_20', 'solver': 'projected_closed_form', 'solver_tolerance': 1e-08, 'retry_policy': 'retry_then_fallback', 'fallback_policy': 'previous_weights', 'constraint_repair': 'clip_scale_turnover', 'missing_policy': 'past_only_impute', 'stale_policy': 'stale_asset_to_cash', 'turnover_enforcement': 'scale_trades', 'cost_accounting': 'conservative', 'exposure_monitoring': 'full_audit', 'retain_failed_rebalance': True, 'allow_future_returns': False, 'ignore_infeasible_days': False, 'allow_policy_change': True, 'risk_aversion_lambda': 1.0, 'objective_return_weight': 1.0, 'max_weight': 0.18, 'turnover_cap': 0.35, 'asset_class_cap': 0.55, 'min_cash_buffer': 0.0, 'rebalance_frequency': 'M', 'momentum_window': 20, 'volatility_penalty': 0.5, 'universe_token': 'fixed'}",0.10297468503532259,0.10297468503532259,1.1222546668760425,1.1038257383112038,1.7579972319010866,-0.05857499839403413,55.0,-0.012610489615826436,0.09256373223612199,0.09104371146060335,0.013245317614251816,0.0035064100193957287,0.09946827501592687,0.0007453176142518165,0.0,1.0,1.0,0.18827888930695696,0.18827888930695696,0.028472026793470568,1.5751398369644003,0.0,0.0013722503926846866,0.00031297704972745564,0.0003779303058744241,252.0,-0.15231208676233698,-0.28142520175077634,-1.89302732243137,-1.7577924277542294,-1.7371551957464184,-0.16200348848500778,123.0,-0.02528205094458374,0.1799176932338332,0.16706465619272962,0.015694205638930984,0.0022093373881316297,-0.1545214241504686,0.004583094527819873,0.0,1.0,1.0,0.04893272617507575,0.04893272617507575,0.037572160483362184,1.3575732643232887,0.0,-0.0013051884466412464,-0.0011676935578569662,-0.0014728867302899861,126.0,True
Equal Weight ETF Portfolio,0,1,Equal Weight ETF Portfolio-0-1,,,-0.16759886689601036,True,PASSIVE,True,PASSIVE,,,,,,,,,,,,,,,,,,,,,,,,,,,,,,,-0.16634886689601036,-0.30502578827443416,-1.8718067694634422,-1.7325733092494209,-1.701392831956446,-0.17928004782039808,123.0,-0.02754073334012912,0.199949737864848,0.18507657129339172,0.007936507936507936,0.00125,-0.16759886689601036,0.005158730158730159,0.0,1.0,1.0,0.0,0.0,0.025641025641025616,1.3143989306153474,0.0,-0.0013354429658020204,-0.0014430076574753336,-0.001679683621852156,126.0,True
Risk Parity Fixed Portfolio,0,1,Risk Parity Fixed Portfolio-0-1,,,-0.1360111434589301,True,PASSIVE,True,PASSIVE,,,,,,,,,,,,,,,,,,,,,,,,,,,,,,,-0.1347611434589301,-0.2513617211315018,-2.0594880339200787,-1.9059554479231338,-1.7447802378846513,-0.14406497487399872,123.0,-0.020096497919112936,0.1469401249885454,0.1359858989844913,0.007936507936507936,0.0012499999999999998,-0.1360111434589301,0.005158730158730158,0.0,1.0,1.0,1.1102230246251565e-16,1.1102230246251565e-16,0.05096194099190634,1.3286583687995395,0.0,-0.0010652815981443179,-0.0011914812612753634,-0.001314301566169725,126.0,True
60/40 Portfolio,0,1,60/40 Portfolio-0-1,,,-0.15289411378756326,True,PASSIVE,True,PASSIVE,,,,,,,,,,,,,,,,,,,,,,,,,,,,,,,-0.15164411378756326,-0.28029229032871106,-1.9369896900354606,-1.8096234619179916,-1.761870685629613,-0.15908789028324588,123.0,-0.024473041925776144,0.1742876006730241,0.1628273670850176,0.007936507936507936,0.00125,-0.15289411378756326,0.6951587301587301,0.0,1.0,1.0,0.0,0.0,0.5199999999999999,1.1837009040271649,0.049999999999999926,-0.0011198143409826204,-0.001480702573283469,-0.0015438502792608471,126.0,True
Fixed Safe Portfolio Harness,0,2,Fixed Safe Portfolio Harness-0-0,0.06636279190709513,-0.12827309539215223,-0.024524906486505037,True,VALID_SELECTED,True,VALID,True,True,True,"{'covariance_estimator': 'ledoit_wolf_0_20', 'solver': 'projected_closed_form', 'solver_tolerance': 1e-08, 'retry_policy': 'retry_then_fallback', 'fallback_policy': 'previous_weights', 'constraint_repair': 'clip_scale_turnover', 'missing_policy': 'past_only_impute', 'stale_policy': 'stale_asset_to_cash', 'turnover_enforcement': 'scale_trades', 'cost_accounting': 'conservative', 'exposure_monitoring': 'full_audit', 'retain_failed_rebalance': True, 'allow_future_returns': False, 'ignore_infeasible_days': False, 'allow_policy_change': False, 'risk_aversion_lambda': 3.0, 'objective_return_weight': 1.0, 'max_weight': 0.18, 'turnover_cap': 0.35, 'asset_class_cap': 0.55, 'min_cash_buffer': 0.0, 'rebalance_frequency': 'W-FRI', 'momentum_window': 20, 'volatility_penalty': 0.5, 'universe_token': 'fixed'}",-0.10517130878251801,-0.10517130878251801,-0.8260265736951645,-0.7400520151424954,-0.724636330939014,-0.14513667655364815,63.0,-0.02050117175023048,0.13952482680317208,0.1250027935253817,0.07333900510994991,0.02310178660963422,-0.12827309539215223,0.0025056717766165832,0.0,1.0,1.0,0.03447412385716283,0.03447412385716283,0.058893331888640446,1.5970453519921548,0.0,-0.0008541723823140778,-0.0002249824322856932,-0.00040974456046863155,252.0,-0.018659762645736544,-0.03697133854947787,-0.1305788753814879,-0.14249933210360166,-0.2644431313544774,-0.1398082769634088,95.0,-0.020794514702575484,0.15900350740390895,0.17351882945071917,0.07723900851281582,0.005865143840768493,-0.024524906486505037,0.00501678629059361,0.0,1.0,1.0,0.019258019151287203,0.019258019151287203,0.05929013280031287,1.2624218893949248,0.0,0.000269601606749922,-0.0006741223360434901,-0.002603794566118175,126.0,True
Same-Budget Safe Configuration Search,0,2,Same-Budget Safe Configuration Search-0-0,0.06474986335643888,-0.1300714228602735,-0.014498157045090256,True,VALID_SELECTED,True,VALID,True,True,True,"{'covariance_estimator': 'sample_then_diagonal', 'solver': 'projected_closed_form', 'solver_tolerance': 1e-08, 'retry_policy': 'retry_then_fallback', 'fallback_policy': 'previous_weights', 'constraint_repair': 'clip_scale_turnover', 'missing_policy': 'past_only_impute', 'stale_policy': 'stale_asset_to_cash', 'turnover_enforcement': 'scale_trades', 'cost_accounting': 'strict', 'exposure_monitoring': 'full_audit', 'retain_failed_rebalance': True, 'allow_future_returns': False, 'ignore_infeasible_days': False, 'allow_policy_change': False, 'risk_aversion_lambda': 3.0, 'objective_return_weight': 1.0, 'max_weight': 0.18, 'turnover_cap': 0.35, 'asset_class_cap': 0.55, 'min_cash_buffer': 0.0, 'rebalance_frequency': 'W-FRI', 'momentum_window': 20, 'volatility_penalty': 0.5, 'universe_token': 'fixed'}",-0.1069556862683344,-0.1069556862683344,-0.7490776114032728,-0.6867675057337205,-0.7196614731983327,-0.148619441572994,64.0,-0.0221134962317324,0.15072459158891724,0.13818695184914206,0.07338329076806065,0.023115736591939103,-0.1300714228602735,0.0025499574347273134,0.0,1.0,1.0,0.017391453940861196,0.017391453940861196,0.06103689118043865,1.534517221870535,0.0,-0.0008231555128590928,-0.00023932159475663798,-0.00041076488816767616,252.0,-0.008618070127766275,-0.017161869122805484,-0.00011425447519023218,-0.0001272497892563198,-0.12177704334201678,-0.14092860732876833,96.0,-0.021447937613891518,0.16726587618698036,0.1862907116690917,0.07733388518935859,0.00588008691732398,-0.014498157045090256,0.005111662967136384,0.0,1.0,1.0,0.007162466870809206,0.007162466870809206,0.062072397995784526,1.2680629635663936,0.0,0.0003630933191391164,-0.0005902483576374649,-0.002288256347293974,126.0,True
Random Legal Harness Patch,0,2,Random Legal Harness Patch-0-1,0.0,-0.1300714228602735,-0.014498157045090256,True,VALID_SELECTED,True,VALID,True,True,True,"{'covariance_estimator': 'sample_then_diagonal', 'solver': 'projected_closed_form', 'solver_tolerance': 1e-08, 'retry_policy': 'retry_then_fallback', 'fallback_policy': 'previous_weights', 'constraint_repair': 'clip_scale_turnover', 'missing_policy': 'past_only_impute', 'stale_policy': 'stale_asset_to_cash', 'turnover_enforcement': 'scale_trades', 'cost_accounting': 'conservative', 'exposure_monitoring': 'full_audit', 'retain_failed_rebalance': True, 'allow_future_returns': False, 'ignore_infeasible_days': False, 'allow_policy_change': False, 'risk_aversion_lambda': 3.0, 'objective_return_weight': 1.0, 'max_weight': 0.18, 'turnover_cap': 0.35, 'asset_class_cap': 0.55, 'min_cash_buffer': 0.0, 'rebalance_frequency': 'W-FRI', 'momentum_window': 20, 'volatility_penalty': 0.5, 'universe_token': 'fixed'}",-0.1069556862683344,-0.1069556862683344,-0.7490776114032728,-0.6867675057337205,-0.7196614731983327,-0.148619441572994,64.0,-0.0221134962317324,0.15072459158891724,0.13818695184914206,0.07338329076806065,0.023115736591939103,-0.1300714228602735,0.0025499574347273134,0.0,1.0,1.0,0.017391453940861196,0.017391453940861196,0.06103689118043865,1.534517221870535,0.0,-0.0008231555128590928,-0.00023932159475663798,-0.00041076488816767616,252.0,-0.008618070127766275,-0.017161869122805484,-0.00011425447519023218,-0.0001272497892563198,-0.12177704334201678,-0.14092860732876833,96.0,-0.021447937613891518,0.16726587618698036,0.1862907116690917,0.07733388518935859,0.00588008691732398,-0.014498157045090256,0.005111662967136384,0.0,1.0,1.0,0.007162466870809206,0.007162466870809206,0.062072397995784526,1.2680629635663936,0.0,0.0003630933191391164,-0.0005902483576374649,-0.002288256347293974,126.0,True
TASE Typed Portfolio Harness Reconstruction,0,2,TASE Typed Portfolio Harness Reconstruction-0-0,0.08412367851405185,-0.12728160449715079,-0.023916935002875842,True,VALID_SELECTED,True,VALID,True,True,True,"{'covariance_estimator': 'ledoit_wolf_0_50', 'solver': 'projected_closed_form', 'solver_tolerance': 1e-08, 'retry_policy': 'retry_then_fallback', 'fallback_policy': 'risk_parity', 'constraint_repair': 'nearest_feasible', 'missing_policy': 'exclude_asset_this_rebalance', 'stale_policy': 'stale_asset_to_cash', 'turnover_enforcement': 'scale_trades', 'cost_accounting': 'conservative', 'exposure_monitoring': 'full_audit', 'retain_failed_rebalance': True, 'allow_future_returns': False, 'ignore_infeasible_days': False, 'allow_policy_change': False, 'risk_aversion_lambda': 3.0, 'objective_return_weight': 1.0, 'max_weight': 0.18, 'turnover_cap': 0.35, 'asset_class_cap': 0.55, 'min_cash_buffer': 0.0, 'rebalance_frequency': 'W-FRI', 'momentum_window': 20, 'volatility_penalty': 0.5, 'universe_token': 'fixed'}",-0.10418303516152672,-0.10418303516152672,-0.8119228824334881,-0.7328056766252986,-0.7340779101617093,-0.14192367556541285,49.0,-0.0207455840513211,0.13927697154224705,0.12570523331407613,0.07332879154166368,0.02309856933562406,-0.12728160449715079,0.002495458208330353,0.0,1.0,1.0,0.041411691427045996,0.041411691427045996,0.06026566206747756,1.57532356715514,0.0,-0.0007972848943008231,-0.00024193187185998804,-0.00040501172765610637,252.0,-0.01807136515872232,-0.035816156078744776,-0.12954213923821647,-0.13922900237763597,-0.2510363377547246,-0.14267319384550214,95.0,-0.020725226770889654,0.15827730931627496,0.17011292236418737,0.07711472916922872,0.005845569844153523,-0.023916935002875842,0.004892506947006499,0.0,1.0,1.0,0.025234446076525682,0.025234446076525682,0.0582508878368259,1.2588969279761835,0.0,0.00028083610915342037,-0.0006859085927401566,-0.002422270639230791,126.0,True
Unconstrained Portfolio Harness Search,0,2,,,,,False,NO_VALID_CANDIDATE,False,NO_VALID_CANDIDATE,,,,,,,,,,,,,,,,,,,,,,,,,,,,,,,,,,,,,,,,,,,,,,,,,,,,,,,,,False
Portfolio Strategy Tuning Baseline,0,2,Portfolio Strategy Tuning Baseline-0-4,0.1316851638090245,-0.05791057245021721,0.008182638889485384,False,STRATEGY_SELECTED,False,POLICY_SPECIFICATION_CHANGED;CLEAN_PANEL_W_STAR_CHANGED,False,False,True,"{'covariance_estimator': 'ledoit_wolf_0_20', 'solver': 'projected_closed_form', 'solver_tolerance': 1e-08, 'retry_policy': 'retry_then_fallback', 'fallback_policy': 'previous_weights', 'constraint_repair': 'clip_scale_turnover', 'missing_policy': 'past_only_impute', 'stale_policy': 'stale_asset_to_cash', 'turnover_enforcement': 'scale_trades', 'cost_accounting': 'conservative', 'exposure_monitoring': 'full_audit', 'retain_failed_rebalance': True, 'allow_future_returns': False, 'ignore_infeasible_days': False, 'allow_policy_change': True, 'risk_aversion_lambda': 1.0, 'objective_return_weight': 1.0, 'max_weight': 0.18, 'turnover_cap': 0.35, 'asset_class_cap': 0.55, 'min_cash_buffer': 0.0, 'rebalance_frequency': 'M', 'momentum_window': 20, 'volatility_penalty': 0.5, 'universe_token': 'fixed'}",-0.052989624036397176,-0.052989624036397176,-0.36831743553309476,-0.3372496983605079,-0.42579698873280025,-0.12444809483997943,64.0,-0.02014244871703345,0.13775585789888303,0.1261360908873315,0.01562205845657154,0.004920948413820035,-0.05791057245021721,0.001733169567682654,0.0,1.0,1.0,0.11593296743037904,0.11593296743037904,0.03369305697881759,1.4658652509535686,0.0,-0.00042210299233902437,-8.55196634309185e-05,-0.0001843576250944099,252.0,0.010086268162643464,0.0202742691307356,0.20312028091127501,0.2246773944744575,0.1589821014090787,-0.12752548212057935,96.0,-0.01965214942455787,0.15231616220781,0.16848144512043137,0.01875320173433702,0.0019036292731580808,0.008182638889485384,0.004864312845448133,0.0,1.0,1.0,0.0336638020689702,0.0336638020689702,0.03634536412661305,1.3228176670371128,0.0,0.00033996089954644617,-0.00019595731112547897,-0.0018520512881063718,126.0,True
Equal Weight ETF Portfolio,0,2,Equal Weight ETF Portfolio-0-2,,,0.011885552840766618,True,PASSIVE,True,PASSIVE,,,,,,,,,,,,,,,,,,,,,,,,,,,,,,,0.013135552840766618,0.026443648429965716,0.2332049140014556,0.2657569177190651,0.1872833143524908,-0.1411959657025048,96.0,-0.02123269223140445,0.16226811295836535,0.18491837416271215,0.007936507936507936,0.00125,0.011885552840766618,0.005158730158730159,0.0,1.0,1.0,0.0,0.0,0.025641025641025616,1.2775334601587778,0.0,0.0005244460528870827,-0.00040301781985917304,-0.0011568231169528473,126.0,True
Risk Parity Fixed Portfolio,0,2,Risk Parity Fixed Portfolio-0-2,,,0.0043647500278727065,True,PASSIVE,True,PASSIVE,,,,,,,,,,,,,,,,,,,,,,,,,,,,,,,0.005614750027872706,0.011261025473620956,0.14987319829075657,0.16853139746937842,0.09986980538698165,-0.1127570583519818,95.0,-0.01541658694722626,0.12294365049942128,0.1382493031773261,0.007936507936507936,0.0012499999999999998,0.0043647500278727065,0.005158730158730158,0.0,1.0,1.0,1.1102230246251565e-16,1.1102230246251565e-16,0.05096194099190634,1.2737895297614261,0.0,0.0004233285893581666,-0.00047207702824187124,-0.0012045461579035437,126.0,True
60/40 Portfolio,0,2,60/40 Portfolio-0-2,,,-0.014673275570737413,True,PASSIVE,True,PASSIVE,,,,,,,,,,,,,,,,,,,,,,,,,,,,,,,-0.013423275570737414,-0.02666636681442691,-0.0893469295263285,-0.10283042708563707,-0.19897697855249985,-0.1340173471746181,94.0,-0.018387342125142925,0.13895417194304782,0.1599239830846576,0.007936507936507936,0.00125,-0.014673275570737413,0.6951587301587301,0.0,1.0,1.0,0.0,0.0,0.5199999999999999,1.1381445390608398,0.049999999999999926,0.00038721647671788355,-0.0007780675751481716,-1.7506874205268683e-05,126.0,True
Fixed Safe Portfolio Harness,0,3,Fixed Safe Portfolio Harness-0-0,-0.08061395783970139,-0.19342700656699083,0.10677543898457496,True,VALID_SELECTED,True,VALID,True,True,True,"{'covariance_estimator': 'ledoit_wolf_0_20', 'solver': 'projected_closed_form', 'solver_tolerance': 1e-08, 'retry_policy': 'retry_then_fallback', 'fallback_policy': 'previous_weights', 'constraint_repair': 'clip_scale_turnover', 'missing_policy': 'past_only_impute', 'stale_policy': 'stale_asset_to_cash', 'turnover_enforcement': 'scale_trades', 'cost_accounting': 'conservative', 'exposure_monitoring': 'full_audit', 'retain_failed_rebalance': True, 'allow_future_returns': False, 'ignore_infeasible_days': False, 'allow_policy_change': False, 'risk_aversion_lambda': 3.0, 'objective_return_weight': 1.0, 'max_weight': 0.18, 'turnover_cap': 0.35, 'asset_class_cap': 0.55, 'min_cash_buffer': 0.0, 'rebalance_frequency': 'W-FRI', 'momentum_window': 20, 'volatility_penalty': 0.5, 'universe_token': 'fixed'}",-0.1732391774978792,-0.1732391774978792,-1.2624246487669077,-1.1498360695587613,-0.772006591917937,-0.22440116355417628,126.0,-0.02269339191346715,0.15651800873798813,0.1425590447384251,0.07325501291781465,0.020187829069111617,-0.19342700656699083,0.0024216795844813296,0.0,1.0,1.0,0.03761966719224882,0.03761966719224882,0.05867284147668447,1.5120217381183412,0.0,-0.0013317172351591448,-0.00029423262664146264,-0.0004732976414445857,252.0,0.11179206665430419,0.23608159947544882,1.421449076048687,1.5450312002813986,2.903397835066722,-0.0813121772786689,40.0,-0.017845645608878895,0.14527357507473226,0.157903796800664,0.07962901063062258,0.005016627669729223,0.10677543898457496,0.004629010630622596,0.0,1.0,1.0,0.013993394161660996,0.013993394161660996,0.05850711652020547,1.29516065976813,0.0,0.0022071540184034214,2.4584238332508365e-05,0.0,126.0,True
Same-Budget Safe Configuration Search,0,3,Same-Budget Safe Configuration Search-0-0,-0.06759766894740876,-0.18698675125073502,0.11545010047743452,True,VALID_SELECTED,True,VALID,True,True,True,"{'covariance_estimator': 'sample_then_diagonal', 'solver': 'projected_closed_form', 'solver_tolerance': 1e-08, 'retry_policy': 'retry_then_fallback', 'fallback_policy': 'previous_weights', 'constraint_repair': 'clip_scale_turnover', 'missing_policy': 'past_only_impute', 'stale_policy': 'stale_asset_to_cash', 'turnover_enforcement': 'scale_trades', 'cost_accounting': 'strict', 'exposure_monitoring': 'full_audit', 'retain_failed_rebalance': True, 'allow_future_returns': False, 'ignore_infeasible_days': False, 'allow_policy_change': False, 'risk_aversion_lambda': 3.0, 'objective_return_weight': 1.0, 'max_weight': 0.18, 'turnover_cap': 0.35, 'asset_class_cap': 0.55, 'min_cash_buffer': 0.0, 'rebalance_frequency': 'W-FRI', 'momentum_window': 20, 'volatility_penalty': 0.5, 'universe_token': 'fixed'}",-0.1667884037615055,-0.1667884037615055,-1.0868141174544421,-1.0065069828217172,-0.778997782696405,-0.2141063908862333,127.0,-0.02410222402334752,0.16901502443170768,0.15652612490049658,0.07328840472771272,0.020198347489229516,-0.18698675125073502,0.0024550713943794146,0.0,1.0,1.0,0.01712481768473897,0.01712481768473897,0.06126719781809146,1.4801557802431404,0.0,-0.0012190399538191748,-0.00030515151335160713,-0.00048578684365045265,252.0,0.12049264050104314,0.2555037574169998,1.4501654358140577,1.6294219435870665,3.2040903816037365,-0.07974299317022171,40.0,-0.018307633222286835,0.1481705678525812,0.16648609095914835,0.08004031783505741,0.005042540023608617,0.11545010047743452,0.005040317835057432,0.0,1.0,1.0,0.0069202205143295515,0.0069202205143295515,0.058832861769711225,1.291947123304018,0.0,0.0021765468650631423,0.00015643215885814384,0.0,126.0,True
Random Legal Harness Patch,0,3,Random Legal Harness Patch-0-1,0.0,-0.18698675125073502,0.11545010047743452,True,VALID_SELECTED,True,VALID,True,True,True,"{'covariance_estimator': 'sample_then_diagonal', 'solver': 'projected_closed_form', 'solver_tolerance': 1e-08, 'retry_policy': 'retry_then_fallback', 'fallback_policy': 'previous_weights', 'constraint_repair': 'clip_scale_turnover', 'missing_policy': 'past_only_impute', 'stale_policy': 'stale_asset_to_cash', 'turnover_enforcement': 'scale_trades', 'cost_accounting': 'conservative', 'exposure_monitoring': 'full_audit', 'retain_failed_rebalance': True, 'allow_future_returns': False, 'ignore_infeasible_days': False, 'allow_policy_change': False, 'risk_aversion_lambda': 3.0, 'objective_return_weight': 1.0, 'max_weight': 0.18, 'turnover_cap': 0.35, 'asset_class_cap': 0.55, 'min_cash_buffer': 0.0, 'rebalance_frequency': 'W-FRI', 'momentum_window': 20, 'volatility_penalty': 0.5, 'universe_token': 'fixed'}",-0.1667884037615055,-0.1667884037615055,-1.0868141174544421,-1.0065069828217172,-0.778997782696405,-0.2141063908862333,127.0,-0.02410222402334752,0.16901502443170768,0.15652612490049658,0.07328840472771272,0.020198347489229516,-0.18698675125073502,0.0024550713943794146,0.0,1.0,1.0,0.01712481768473897,0.01712481768473897,0.06126719781809146,1.4801557802431404,0.0,-0.0012190399538191748,-0.00030515151335160713,-0.00048578684365045265,252.0,0.12049264050104314,0.2555037574169998,1.4501654358140577,1.6294219435870665,3.2040903816037365,-0.07974299317022171,40.0,-0.018307633222286835,0.1481705678525812,0.16648609095914835,0.08004031783505741,0.005042540023608617,0.11545010047743452,0.005040317835057432,0.0,1.0,1.0,0.0069202205143295515,0.0069202205143295515,0.058832861769711225,1.291947123304018,0.0,0.0021765468650631423,0.00015643215885814384,0.0,126.0,True
TASE Typed Portfolio Harness Reconstruction,0,3,TASE Typed Portfolio Harness Reconstruction-0-3,-0.06759766894740876,-0.18698675125073502,0.11545010047743452,True,VALID_SELECTED,True,VALID,True,True,True,"{'covariance_estimator': 'sample_then_diagonal', 'solver': 'projected_closed_form', 'solver_tolerance': 1e-08, 'retry_policy': 'retry_then_fallback', 'fallback_policy': 'previous_weights', 'constraint_repair': 'clip_scale_turnover', 'missing_policy': 'past_only_impute', 'stale_policy': 'stale_asset_to_cash', 'turnover_enforcement': 'scale_trades', 'cost_accounting': 'strict', 'exposure_monitoring': 'full_audit', 'retain_failed_rebalance': True, 'allow_future_returns': False, 'ignore_infeasible_days': False, 'allow_policy_change': False, 'risk_aversion_lambda': 3.0, 'objective_return_weight': 1.0, 'max_weight': 0.18, 'turnover_cap': 0.35, 'asset_class_cap': 0.55, 'min_cash_buffer': 0.0, 'rebalance_frequency': 'W-FRI', 'momentum_window': 20, 'volatility_penalty': 0.5, 'universe_token': 'fixed'}",-0.1667884037615055,-0.1667884037615055,-1.0868141174544421,-1.0065069828217172,-0.778997782696405,-0.2141063908862333,127.0,-0.02410222402334752,0.16901502443170768,0.15652612490049658,0.07328840472771272,0.020198347489229516,-0.18698675125073502,0.0024550713943794146,0.0,1.0,1.0,0.01712481768473897,0.01712481768473897,0.06126719781809146,1.4801557802431404,0.0,-0.0012190399538191748,-0.00030515151335160713,-0.00048578684365045265,252.0,0.12049264050104314,0.2555037574169998,1.4501654358140577,1.6294219435870665,3.2040903816037365,-0.07974299317022171,40.0,-0.018307633222286835,0.1481705678525812,0.16648609095914835,0.08004031783505741,0.005042540023608617,0.11545010047743452,0.005040317835057432,0.0,1.0,1.0,0.0069202205143295515,0.0069202205143295515,0.058832861769711225,1.291947123304018,0.0,0.0021765468650631423,0.00015643215885814384,0.0,126.0,True
Unconstrained Portfolio Harness Search,0,3,,,,,False,NO_VALID_CANDIDATE,False,NO_VALID_CANDIDATE,,,,,,,,,,,,,,,,,,,,,,,,,,,,,,,,,,,,,,,,,,,,,,,,,,,,,,,,,False
Portfolio Strategy Tuning Baseline,0,3,Portfolio Strategy Tuning Baseline-0-4,0.026043983967189405,-0.10556588057193006,0.12569608453548528,False,STRATEGY_SELECTED,False,POLICY_SPECIFICATION_CHANGED;CLEAN_PANEL_W_STAR_CHANGED,False,False,True,"{'covariance_estimator': 'ledoit_wolf_0_20', 'solver': 'projected_closed_form', 'solver_tolerance': 1e-08, 'retry_policy': 'retry_then_fallback', 'fallback_policy': 'previous_weights', 'constraint_repair': 'clip_scale_turnover', 'missing_policy': 'past_only_impute', 'stale_policy': 'stale_asset_to_cash', 'turnover_enforcement': 'scale_trades', 'cost_accounting': 'conservative', 'exposure_monitoring': 'full_audit', 'retain_failed_rebalance': True, 'allow_future_returns': False, 'ignore_infeasible_days': False, 'allow_policy_change': True, 'risk_aversion_lambda': 1.0, 'objective_return_weight': 1.0, 'max_weight': 0.18, 'turnover_cap': 0.35, 'asset_class_cap': 0.55, 'min_cash_buffer': 0.0, 'rebalance_frequency': 'M', 'momentum_window': 20, 'volatility_penalty': 0.5, 'universe_token': 'fixed'}",-0.10124799062389123,-0.10124799062389123,-0.680831490778279,-0.6349767887976392,-0.6150466963937081,-0.16461837973856808,127.0,-0.022137621135268074,0.1521701573367986,0.1419213405450701,0.014540920469964571,0.00431788994803884,-0.10556588057193006,0.0020409204699645724,0.0,1.0,1.0,0.0767476562114037,0.0767476562114037,0.035934058565017135,1.452238203214014,0.0,-0.0008215576542496134,-8.550424748727548e-05,-0.00020576780950687558,252.0,0.1270479040129704,0.27023697794002977,1.629934784837681,1.7745485261822806,3.9152280385530913,-0.06902202765177845,40.0,-0.016703234532552336,0.14152094854045613,0.15407720173380707,0.02145745202357331,0.0013518194774851185,0.12569608453548528,0.004790785356906643,0.0,1.0,1.0,0.027776262729068926,0.027776262729068926,0.03597002640086806,1.3281994405733144,0.0,0.0019410358257516522,0.00037521189527118116,0.0,126.0,True
Equal Weight ETF Portfolio,0,3,Equal Weight ETF Portfolio-0-3,,,0.14365663525934952,True,PASSIVE,True,PASSIVE,,,,,,,,,,,,,,,,,,,,,,,,,,,,,,,0.14415663525934952,0.3090944060079961,1.7094522530556968,1.9486521868408573,4.7258694542748225,-0.06540477027531988,40.0,-0.017663340693688495,0.14528576157703776,0.16561528203426798,0.007936507936507936,0.0005,0.14365663525934952,0.005158730158730159,0.0,1.0,1.0,0.0,0.0,0.025641025641025616,1.324406508078589,0.0,0.002024453739312494,0.0005306976518597673,0.0,126.0,True
Risk Parity Fixed Portfolio,0,3,Risk Parity Fixed Portfolio-0-3,,,0.11336255155765568,True,PASSIVE,True,PASSIVE,,,,,,,,,,,,,,,,,,,,,,,,,,,,,,,0.11386255155765568,0.24068978376253125,1.8244399615644895,2.0844152010009513,4.939672053307722,-0.048725863005694814,40.0,-0.012762040321274426,0.10708292653615277,0.12234180600178397,0.007936507936507936,0.0004999999999999999,0.11336255155765568,0.005158730158730158,0.0,1.0,1.0,1.1102230246251565e-16,1.1102230246251565e-16,0.05096194099190634,1.3528123568962003,0.0,0.0016210348429200724,0.0004019854970238003,0.0,126.0,True
60/40 Portfolio,0,3,60/40 Portfolio-0-3,,,0.11233347449144854,True,PASSIVE,True,PASSIVE,,,,,,,,,,,,,,,,,,,,,,,,,,,,,,,0.11283347449144854,0.23839834194870946,1.5801946164229526,1.8818208678676083,4.475797886519025,-0.05326387562466983,40.0,-0.015211688304771511,0.11897516594896829,0.14168504797693487,0.007936507936507936,0.0005,0.11233347449144854,0.6951587301587301,0.0,1.0,1.0,0.0,0.0,0.5199999999999999,1.1994197445162431,0.049999999999999926,0.0014364072419679869,0.000527955433184089,0.0,126.0,True
Fixed Safe Portfolio Harness,0,4,Fixed Safe Portfolio Harness-0-0,-0.1457461165326262,-0.1602346648139096,0.04292700546462459,True,VALID_SELECTED,True,VALID,True,True,True,"{'covariance_estimator': 'ledoit_wolf_0_20', 'solver': 'projected_closed_form', 'solver_tolerance': 1e-08, 'retry_policy': 'retry_then_fallback', 'fallback_policy': 'previous_weights', 'constraint_repair': 'clip_scale_turnover', 'missing_policy': 'past_only_impute', 'stale_policy': 'stale_asset_to_cash', 'turnover_enforcement': 'scale_trades', 'cost_accounting': 'conservative', 'exposure_monitoring': 'full_audit', 'retain_failed_rebalance': True, 'allow_future_returns': False, 'ignore_infeasible_days': False, 'allow_policy_change': False, 'risk_aversion_lambda': 3.0, 'objective_return_weight': 1.0, 'max_weight': 0.18, 'turnover_cap': 0.35, 'asset_class_cap': 0.55, 'min_cash_buffer': 0.0, 'rebalance_frequency': 'W-FRI', 'momentum_window': 20, 'volatility_penalty': 0.5, 'universe_token': 'fixed'}",-0.14298509852348584,-0.14298509852348584,-0.8812602876167922,-0.8657047689119044,-0.6170436589881296,-0.2317260641782829,189.0,-0.023089461318617444,0.1633102672182441,0.1604276047947692,0.07476052790610715,0.01724956629042376,-0.1602346648139096,0.002538305683884952,0.0,1.0,1.0,0.035469091466535235,0.035469091466535235,0.059549393406933805,1.3977079859454606,0.0,-0.00021924858529410782,-0.0010805269217840697,-0.001103578013153233,252.0,0.04780198805859004,0.09788900617953367,0.8941591966145703,0.8917517851258545,1.2038664989138512,-0.08131217727866902,103.0,-0.014286174112896202,0.11170788462858193,0.11140712515996248,0.07738067609468956,0.004874982593965443,0.04292700546462459,0.005158453872467344,0.0,1.0,1.0,0.010102398329729605,0.010102398329729605,0.056611508216669645,1.4789117420475235,0.0,0.0,0.0003953004187705196,0.0,126.0,True
Same-Budget Safe Configuration Search,0,4,Same-Budget Safe Configuration Search-0-0,-0.13175599630340867,-0.15609313961143323,0.04995605304664755,True,VALID_SELECTED,True,VALID,True,True,True,"{'covariance_estimator': 'sample_then_diagonal', 'solver': 'projected_closed_form', 'solver_tolerance': 1e-08, 'retry_policy': 'retry_then_fallback', 'fallback_policy': 'previous_weights', 'constraint_repair': 'clip_scale_turnover', 'missing_policy': 'past_only_impute', 'stale_policy': 'stale_asset_to_cash', 'turnover_enforcement': 'scale_trades', 'cost_accounting': 'strict', 'exposure_monitoring': 'full_audit', 'retain_failed_rebalance': True, 'allow_future_returns': False, 'ignore_infeasible_days': False, 'allow_policy_change': False, 'risk_aversion_lambda': 3.0, 'objective_return_weight': 1.0, 'max_weight': 0.18, 'turnover_cap': 0.35, 'asset_class_cap': 0.55, 'min_cash_buffer': 0.0, 'rebalance_frequency': 'W-FRI', 'momentum_window': 20, 'volatility_penalty': 0.5, 'universe_token': 'fixed'}",-0.1388506915767057,-0.1388506915767057,-0.7617285756473032,-0.7642872616984742,-0.6315668263993082,-0.2198511476106526,190.0,-0.024308752986269576,0.17529690475677495,0.17588573621112005,0.07473793026897622,0.01724244803472751,-0.15609313961143323,0.0025157080467540045,0.0,1.0,1.0,0.012821200480377078,0.012821200480377078,0.06112646423319585,1.3896419556887005,0.0,-0.00015984511279804807,-0.0010968073417547044,-0.001118909750990836,252.0,0.054831027461970994,0.11266849649647748,1.0093691580769295,1.0461782145296694,1.412895252827694,-0.07974299317022171,103.0,-0.014115405672770894,0.10806775389921487,0.11200870258202951,0.07738054627497533,0.0048749744153234464,0.04995605304664755,0.005158324052753128,0.0,1.0,1.0,0.009701645742386186,0.009701645742386186,0.0554362479364577,1.5174163894649884,0.0,0.0,0.00044864337231155684,0.0,126.0,True
Random Legal Harness Patch,0,4,Random Legal Harness Patch-0-1,0.0,-0.15609313961143323,0.04995605304664755,True,VALID_SELECTED,True,VALID,True,True,True,"{'covariance_estimator': 'sample_then_diagonal', 'solver': 'projected_closed_form', 'solver_tolerance': 1e-08, 'retry_policy': 'retry_then_fallback', 'fallback_policy': 'previous_weights', 'constraint_repair': 'clip_scale_turnover', 'missing_policy': 'past_only_impute', 'stale_policy': 'stale_asset_to_cash', 'turnover_enforcement': 'scale_trades', 'cost_accounting': 'conservative', 'exposure_monitoring': 'full_audit', 'retain_failed_rebalance': True, 'allow_future_returns': False, 'ignore_infeasible_days': False, 'allow_policy_change': False, 'risk_aversion_lambda': 3.0, 'objective_return_weight': 1.0, 'max_weight': 0.18, 'turnover_cap': 0.35, 'asset_class_cap': 0.55, 'min_cash_buffer': 0.0, 'rebalance_frequency': 'W-FRI', 'momentum_window': 20, 'volatility_penalty': 0.5, 'universe_token': 'fixed'}",-0.1388506915767057,-0.1388506915767057,-0.7617285756473032,-0.7642872616984742,-0.6315668263993082,-0.2198511476106526,190.0,-0.024308752986269576,0.17529690475677495,0.17588573621112005,0.07473793026897622,0.01724244803472751,-0.15609313961143323,0.0025157080467540045,0.0,1.0,1.0,0.012821200480377078,0.012821200480377078,0.06112646423319585,1.3896419556887005,0.0,-0.00015984511279804807,-0.0010968073417547044,-0.001118909750990836,252.0,0.054831027461970994,0.11266849649647748,1.0093691580769295,1.0461782145296694,1.412895252827694,-0.07974299317022171,103.0,-0.014115405672770894,0.10806775389921487,0.11200870258202951,0.07738054627497533,0.0048749744153234464,0.04995605304664755,0.005158324052753128,0.0,1.0,1.0,0.009701645742386186,0.009701645742386186,0.0554362479364577,1.5174163894649884,0.0,0.0,0.00044864337231155684,0.0,126.0,True
TASE Typed Portfolio Harness Reconstruction,0,4,TASE Typed Portfolio Harness Reconstruction-0-3,-0.13175599630340867,-0.15609313961143323,0.04995605304664755,True,VALID_SELECTED,True,VALID,True,True,True,"{'covariance_estimator': 'sample_then_diagonal', 'solver': 'projected_closed_form', 'solver_tolerance': 1e-08, 'retry_policy': 'retry_then_fallback', 'fallback_policy': 'previous_weights', 'constraint_repair': 'clip_scale_turnover', 'missing_policy': 'past_only_impute', 'stale_policy': 'stale_asset_to_cash', 'turnover_enforcement': 'scale_trades', 'cost_accounting': 'strict', 'exposure_monitoring': 'full_audit', 'retain_failed_rebalance': True, 'allow_future_returns': False, 'ignore_infeasible_days': False, 'allow_policy_change': False, 'risk_aversion_lambda': 3.0, 'objective_return_weight': 1.0, 'max_weight': 0.18, 'turnover_cap': 0.35, 'asset_class_cap': 0.55, 'min_cash_buffer': 0.0, 'rebalance_frequency': 'W-FRI', 'momentum_window': 20, 'volatility_penalty': 0.5, 'universe_token': 'fixed'}",-0.1388506915767057,-0.1388506915767057,-0.7617285756473032,-0.7642872616984742,-0.6315668263993082,-0.2198511476106526,190.0,-0.024308752986269576,0.17529690475677495,0.17588573621112005,0.07473793026897622,0.01724244803472751,-0.15609313961143323,0.0025157080467540045,0.0,1.0,1.0,0.012821200480377078,0.012821200480377078,0.06112646423319585,1.3896419556887005,0.0,-0.00015984511279804807,-0.0010968073417547044,-0.001118909750990836,252.0,0.054831027461970994,0.11266849649647748,1.0093691580769295,1.0461782145296694,1.412895252827694,-0.07974299317022171,103.0,-0.014115405672770894,0.10806775389921487,0.11200870258202951,0.07738054627497533,0.0048749744153234464,0.04995605304664755,0.005158324052753128,0.0,1.0,1.0,0.009701645742386186,0.009701645742386186,0.0554362479364577,1.5174163894649884,0.0,0.0,0.00044864337231155684,0.0,126.0,True
Unconstrained Portfolio Harness Search,0,4,,,,,False,NO_VALID_CANDIDATE,False,NO_VALID_CANDIDATE,,,,,,,,,,,,,,,,,,,,,,,,,,,,,,,,,,,,,,,,,,,,,,,,,,,,,,,,,False
Portfolio Strategy Tuning Baseline,0,4,Portfolio Strategy Tuning Baseline-0-4,-0.0402119258401534,-0.08749455828700697,0.07766081836971737,False,STRATEGY_SELECTED,False,POLICY_SPECIFICATION_CHANGED;CLEAN_PANEL_W_STAR_CHANGED,False,False,True,"{'covariance_estimator': 'ledoit_wolf_0_20', 'solver': 'projected_closed_form', 'solver_tolerance': 1e-08, 'retry_policy': 'retry_then_fallback', 'fallback_policy': 'previous_weights', 'constraint_repair': 'clip_scale_turnover', 'missing_policy': 'past_only_impute', 'stale_policy': 'stale_asset_to_cash', 'turnover_enforcement': 'scale_trades', 'cost_accounting': 'conservative', 'exposure_monitoring': 'full_audit', 'retain_failed_rebalance': True, 'allow_future_returns': False, 'ignore_infeasible_days': False, 'allow_policy_change': True, 'risk_aversion_lambda': 1.0, 'objective_return_weight': 1.0, 'max_weight': 0.18, 'turnover_cap': 0.35, 'asset_class_cap': 0.55, 'min_cash_buffer': 0.0, 'rebalance_frequency': 'M', 'momentum_window': 20, 'volatility_penalty': 0.5, 'universe_token': 'fixed'}",-0.08306289881545337,-0.08306289881545337,-0.45679295880860343,-0.4595030007087809,-0.49043835237578287,-0.16936460701549916,190.0,-0.022198329110408872,0.16036830832354337,0.16131973462431412,0.017402093560487653,0.00443165947155361,-0.08749455828700697,0.002124315782709876,0.0,1.0,1.0,0.053062568188121446,0.053062568188121446,0.03760762547535127,1.3912583443724416,0.0,3.4010684199031545e-05,-0.0007885934289151194,-0.0007720683776704335,252.0,0.07902427732053163,0.16429339104709562,1.4902291506122645,1.5355961172475767,2.3803037470294113,-0.06902202765177834,88.0,-0.012801555668797178,0.10273637604228769,0.10586397406453042,0.021642205568480347,0.0013634589508142623,0.07766081836971737,0.004975538901813684,0.0,1.0,1.0,0.019201665773998743,0.019201665773998743,0.034921192307236754,1.512681172703247,0.0,0.0,0.0006260380164707299,0.0,126.0,True
Equal Weight ETF Portfolio,0,4,Equal Weight ETF Portfolio-0-4,,,0.08828675952495385,True,PASSIVE,True,PASSIVE,,,,,,,,,,,,,,,,,,,,,,,,,,,,,,,0.08878675952495385,0.18545660771684958,1.645648111247549,1.7212638523107195,2.835521123859542,-0.06540477027531966,88.0,-0.012903700413719634,0.10218948744719793,0.10688498326393579,0.007936507936507936,0.0005,0.08828675952495385,0.005158730158730159,0.0,1.0,1.0,0.0,0.0,0.025641025641025616,1.5847709408052089,0.0,0.0,0.0006979963128135786,0.0,126.0,True
Risk Parity Fixed Portfolio,0,4,Risk Parity Fixed Portfolio-0-4,,,0.06370550203840025,True,PASSIVE,True,PASSIVE,,,,,,,,,,,,,,,,,,,,,,,,,,,,,,,0.06420550203840025,0.13253335056880355,1.6672744584693344,1.7936096343035381,2.719979542554505,-0.048725863005694925,89.0,-0.009434890506258129,0.07103294726464891,0.076415360362334,0.007936507936507936,0.0004999999999999999,0.06370550203840025,0.005158730158730158,0.0,1.0,1.0,1.1102230246251565e-16,1.1102230246251565e-16,0.05096194099190634,1.6879481653870758,0.0,0.0,0.0005055768990747994,0.0,126.0,True
60/40 Portfolio,0,4,60/40 Portfolio-0-4,,,0.10630388257920081,True,PASSIVE,True,PASSIVE,,,,,,,,,,,,,,,,,,,,,,,,,,,,,,,0.10680388257920082,0.22501483449239323,2.359281229827907,2.69760096205399,4.243662641960699,-0.05302373291116036,58.0,-0.010286116404086287,0.07668834972305391,0.08768542019313785,0.007936507936507936,0.0005,0.10630388257920081,0.6951587301587301,0.0,1.0,1.0,0.0,0.0,0.5199999999999999,1.4306117638605054,0.049999999999999926,0.0,0.0008209308174255678,0.0,126.0,True
Fixed Safe Portfolio Harness,0,5,Fixed Safe Portfolio Harness-0-0,-0.20068161974161394,-0.14795782427435564,-0.024499511918558523,True,VALID_SELECTED,True,VALID,True,True,True,"{'covariance_estimator': 'ledoit_wolf_0_20', 'solver': 'projected_closed_form', 'solver_tolerance': 1e-08, 'retry_policy': 'retry_then_fallback', 'fallback_policy': 'previous_weights', 'constraint_repair': 'clip_scale_turnover', 'missing_policy': 'past_only_impute', 'stale_policy': 'stale_asset_to_cash', 'turnover_enforcement': 'scale_trades', 'cost_accounting': 'conservative', 'exposure_monitoring': 'full_audit', 'retain_failed_rebalance': True, 'allow_future_returns': False, 'ignore_infeasible_days': False, 'allow_policy_change': False, 'risk_aversion_lambda': 3.0, 'objective_return_weight': 1.0, 'max_weight': 0.18, 'turnover_cap': 0.35, 'asset_class_cap': 0.55, 'min_cash_buffer': 0.0, 'rebalance_frequency': 'W-FRI', 'momentum_window': 20, 'volatility_penalty': 0.5, 'universe_token': 'fixed'}",-0.13403551527646607,-0.13403551527646607,-0.7903407109309183,-0.7620234603463302,-0.5857540682346727,-0.22882558149432597,249.0,-0.023130085785136048,0.17096054120956944,0.16483516715436486,0.07586447300917322,0.013922308997889566,-0.14795782427435564,0.002253361898062116,0.0,1.0,1.0,0.023961723284335715,0.023961723284335715,0.056953622337223,1.3100320292588792,0.0,-0.0004158760358239821,-0.0006246890044104903,-0.002130097194626645,252.0,-0.019630421377681118,-0.03887548931189688,-0.40078774817606133,-0.40376511107366925,-0.566080783265738,-0.06867480836855644,44.0,-0.010574575939090319,0.08838071721528488,0.08903727787488164,0.07728715144249851,0.004869090540877407,-0.024499511918558523,0.0050649292202763025,0.0,1.0,1.0,0.012905971467988431,0.012905971467988431,0.05572196480084887,1.546989366644202,0.0,0.0,-0.0001416073416793653,0.0,126.0,True
Same-Budget Safe Configuration Search,0,5,Same-Budget Safe Configuration Search-0-0,-0.18479801167933463,-0.12896079530933052,-0.02715179675933854,True,VALID_SELECTED,True,VALID,True,True,True,"{'covariance_estimator': 'sample_then_diagonal', 'solver': 'projected_closed_form', 'solver_tolerance': 1e-08, 'retry_policy': 'retry_then_fallback', 'fallback_policy': 'previous_weights', 'constraint_repair': 'clip_scale_turnover', 'missing_policy': 'past_only_impute', 'stale_policy': 'stale_asset_to_cash', 'turnover_enforcement': 'scale_trades', 'cost_accounting': 'strict', 'exposure_monitoring': 'full_audit', 'retain_failed_rebalance': True, 'allow_future_returns': False, 'ignore_infeasible_days': False, 'allow_policy_change': False, 'risk_aversion_lambda': 3.0, 'objective_return_weight': 1.0, 'max_weight': 0.18, 'turnover_cap': 0.35, 'asset_class_cap': 0.55, 'min_cash_buffer': 0.0, 'rebalance_frequency': 'W-FRI', 'momentum_window': 20, 'volatility_penalty': 0.5, 'universe_token': 'fixed'}",-0.11497939809791091,-0.11497939809791091,-0.6024885801315646,-0.5960138302230427,-0.5280219943527912,-0.21775494075553392,249.0,-0.024308752986269576,0.17867226778894574,0.1767521347147732,0.07605205463942734,0.01398139721141962,-0.12896079530933052,0.002440943528316258,0.0,1.0,1.0,0.008569091467109753,0.008569091467109753,0.05952906825010581,1.306823386784998,0.0,-0.0003232025691061284,-0.0005284820384895899,-0.002073032421978834,252.0,-0.02228155086368555,-0.044066634218480116,-0.45016864889437225,-0.46039351852358074,-0.6327647501503613,-0.06964141761690856,44.0,-0.010919700898459079,0.08890294260877576,0.0909222324906019,0.07730549040719029,0.004870245895652988,-0.02715179675933854,0.005083268184968067,0.0,1.0,1.0,0.01258213054569372,0.01258213054569372,0.05352491347207928,1.5578980771184616,0.0,0.0,-0.0001624219783918819,0.0,126.0,True
Random Legal Harness Patch,0,5,Random Legal Harness Patch-0-1,0.0,-0.12896079530933052,-0.02715179675933854,True,VALID_SELECTED,True,VALID,True,True,True,"{'covariance_estimator': 'sample_then_diagonal', 'solver': 'projected_closed_form', 'solver_tolerance': 1e-08, 'retry_policy': 'retry_then_fallback', 'fallback_policy': 'previous_weights', 'constraint_repair': 'clip_scale_turnover', 'missing_policy': 'past_only_impute', 'stale_policy': 'stale_asset_to_cash', 'turnover_enforcement': 'scale_trades', 'cost_accounting': 'conservative', 'exposure_monitoring': 'full_audit', 'retain_failed_rebalance': True, 'allow_future_returns': False, 'ignore_infeasible_days': False, 'allow_policy_change': False, 'risk_aversion_lambda': 3.0, 'objective_return_weight': 1.0, 'max_weight': 0.18, 'turnover_cap': 0.35, 'asset_class_cap': 0.55, 'min_cash_buffer': 0.0, 'rebalance_frequency': 'W-FRI', 'momentum_window': 20, 'volatility_penalty': 0.5, 'universe_token': 'fixed'}",-0.11497939809791091,-0.11497939809791091,-0.6024885801315646,-0.5960138302230427,-0.5280219943527912,-0.21775494075553392,249.0,-0.024308752986269576,0.17867226778894574,0.1767521347147732,0.07605205463942734,0.01398139721141962,-0.12896079530933052,0.002440943528316258,0.0,1.0,1.0,0.008569091467109753,0.008569091467109753,0.05952906825010581,1.306823386784998,0.0,-0.0003232025691061284,-0.0005284820384895899,-0.002073032421978834,252.0,-0.02228155086368555,-0.044066634218480116,-0.45016864889437225,-0.46039351852358074,-0.6327647501503613,-0.06964141761690856,44.0,-0.010919700898459079,0.08890294260877576,0.0909222324906019,0.07730549040719029,0.004870245895652988,-0.02715179675933854,0.005083268184968067,0.0,1.0,1.0,0.01258213054569372,0.01258213054569372,0.05352491347207928,1.5578980771184616,0.0,0.0,-0.0001624219783918819,0.0,126.0,True
TASE Typed Portfolio Harness Reconstruction,0,5,TASE Typed Portfolio Harness Reconstruction-0-3,-0.18479801167933463,-0.12896079530933052,-0.02715179675933854,True,VALID_SELECTED,True,VALID,True,True,True,"{'covariance_estimator': 'sample_then_diagonal', 'solver': 'projected_closed_form', 'solver_tolerance': 1e-08, 'retry_policy': 'retry_then_fallback', 'fallback_policy': 'previous_weights', 'constraint_repair': 'clip_scale_turnover', 'missing_policy': 'past_only_impute', 'stale_policy': 'stale_asset_to_cash', 'turnover_enforcement': 'scale_trades', 'cost_accounting': 'strict', 'exposure_monitoring': 'full_audit', 'retain_failed_rebalance': True, 'allow_future_returns': False, 'ignore_infeasible_days': False, 'allow_policy_change': False, 'risk_aversion_lambda': 3.0, 'objective_return_weight': 1.0, 'max_weight': 0.18, 'turnover_cap': 0.35, 'asset_class_cap': 0.55, 'min_cash_buffer': 0.0, 'rebalance_frequency': 'W-FRI', 'momentum_window': 20, 'volatility_penalty': 0.5, 'universe_token': 'fixed'}",-0.11497939809791091,-0.11497939809791091,-0.6024885801315646,-0.5960138302230427,-0.5280219943527912,-0.21775494075553392,249.0,-0.024308752986269576,0.17867226778894574,0.1767521347147732,0.07605205463942734,0.01398139721141962,-0.12896079530933052,0.002440943528316258,0.0,1.0,1.0,0.008569091467109753,0.008569091467109753,0.05952906825010581,1.306823386784998,0.0,-0.0003232025691061284,-0.0005284820384895899,-0.002073032421978834,252.0,-0.02228155086368555,-0.044066634218480116,-0.45016864889437225,-0.46039351852358074,-0.6327647501503613,-0.06964141761690856,44.0,-0.010919700898459079,0.08890294260877576,0.0909222324906019,0.07730549040719029,0.004870245895652988,-0.02715179675933854,0.005083268184968067,0.0,1.0,1.0,0.01258213054569372,0.01258213054569372,0.05352491347207928,1.5578980771184616,0.0,0.0,-0.0001624219783918819,0.0,126.0,True
Unconstrained Portfolio Harness Search,0,5,,,,,False,NO_VALID_CANDIDATE,False,NO_VALID_CANDIDATE,,,,,,,,,,,,,,,,,,,,,,,,,,,,,,,,,,,,,,,,,,,,,,,,,,,,,,,,,False
Portfolio Strategy Tuning Baseline,0,5,Portfolio Strategy Tuning Baseline-0-4,-0.09087742398578903,-0.05560078538662113,-0.003436528194761199,False,STRATEGY_SELECTED,False,POLICY_SPECIFICATION_CHANGED;CLEAN_PANEL_W_STAR_CHANGED,False,False,True,"{'covariance_estimator': 'ledoit_wolf_0_20', 'solver': 'projected_closed_form', 'solver_tolerance': 1e-08, 'retry_policy': 'retry_then_fallback', 'fallback_policy': 'previous_weights', 'constraint_repair': 'clip_scale_turnover', 'missing_policy': 'past_only_impute', 'stale_policy': 'stale_asset_to_cash', 'turnover_enforcement': 'scale_trades', 'cost_accounting': 'conservative', 'exposure_monitoring': 'full_audit', 'retain_failed_rebalance': True, 'allow_future_returns': False, 'ignore_infeasible_days': False, 'allow_policy_change': True, 'risk_aversion_lambda': 1.0, 'objective_return_weight': 1.0, 'max_weight': 0.18, 'turnover_cap': 0.35, 'asset_class_cap': 0.55, 'min_cash_buffer': 0.0, 'rebalance_frequency': 'M', 'momentum_window': 20, 'volatility_penalty': 0.5, 'universe_token': 'fixed'}",-0.0523414479984895,-0.0523414479984895,-0.2510286074729153,-0.24721165041094684,-0.31386431350856037,-0.16676457228725983,249.0,-0.022198329110408872,0.16441122638367867,0.16191130974895893,0.016180436152798825,0.00325933738813163,-0.05560078538662113,0.0022915472639099374,0.0,1.0,1.0,0.03835449445207234,0.03835449445207234,0.03677109344211514,1.3426462276636328,0.0,-0.00011881977691989493,-0.0002065393411541857,-0.0014728867302899861,252.0,-0.002245364487593271,-0.004485687313504405,-0.004525848982757971,-0.004627202826946206,-0.07007420764651526,-0.06401338615389218,44.0,-0.010879375258149776,0.08844301527436035,0.0904236468915012,0.018907360431236947,0.001191163707167928,-0.003436528194761199,0.005018471542348063,0.0,1.0,1.0,0.022096482822461235,0.022096482822461235,0.03414439209401712,1.5107234464445074,0.0,0.0,-1.6239832154808202e-06,0.0,126.0,True
Equal Weight ETF Portfolio,0,5,Equal Weight ETF Portfolio-0-5,,,-0.011585710271912186,True,PASSIVE,True,PASSIVE,,,,,,,,,,,,,,,,,,,,,,,,,,,,,,,-0.011085710271912186,-0.022048527571591592,-0.19934370574924246,-0.20737902196896404,-0.3096937986906657,-0.07119460468633576,44.0,-0.01119076194953668,0.08752204413728627,0.0910499573874,0.007936507936507936,0.0005,-0.011585710271912186,0.005158730158730159,0.0,1.0,1.0,0.0,0.0,0.025641025641025616,1.5746132067778482,0.0,0.0,-7.202474569013861e-05,0.0,126.0,True
Risk Parity Fixed Portfolio,0,5,Risk Parity Fixed Portfolio-0-5,,,-0.018591107688600228,True,PASSIVE,True,PASSIVE,,,,,,,,,,,,,,,,,,,,,,,,,,,,,,,-0.018091107688600228,-0.03585492719979988,-0.5146347963124671,-0.5323522531664749,-0.6438946717029299,-0.055684460169507455,44.0,-0.008328996320446518,0.06441456106862889,0.06663217677335935,0.007936507936507936,0.0004999999999999999,-0.018591107688600228,0.005158730158730158,0.0,1.0,1.0,1.1102230246251565e-16,1.1102230246251565e-16,0.05096194099190634,1.6109361586974444,0.0,0.0,-0.0001360763361968813,0.0,126.0,True
60/40 Portfolio,0,5,60/40 Portfolio-0-5,,,-0.003133881649702796,True,PASSIVE,True,PASSIVE,,,,,,,,,,,,,,,,,,,,,,,,,,,,,,,-0.002633881649702796,-0.005260825966860949,-0.032723605829245196,-0.035006920771108715,-0.09001019091524476,-0.058447003759992455,52.0,-0.009366027054586043,0.07018697171782,0.07508432203073162,0.007936507936507936,0.0005,-0.003133881649702796,0.6951587301587301,0.0,1.0,1.0,0.0,0.0,0.5199999999999999,1.3297281663555327,0.049999999999999926,0.0,-9.750118087657828e-06,0.0,126.0,True
Fixed Safe Portfolio Harness,0,6,Fixed Safe Portfolio Harness-0-0,0.034942084352164504,0.013743165937416512,0.017131834670766927,True,VALID_SELECTED,True,VALID,True,True,True,"{'covariance_estimator': 'ledoit_wolf_0_20', 'solver': 'projected_closed_form', 'solver_tolerance': 1e-08, 'retry_policy': 'retry_then_fallback', 'fallback_policy': 'previous_weights', 'constraint_repair': 'clip_scale_turnover', 'missing_policy': 'past_only_impute', 'stale_policy': 'stale_asset_to_cash', 'turnover_enforcement': 'scale_trades', 'cost_accounting': 'conservative', 'exposure_monitoring': 'full_audit', 'retain_failed_rebalance': True, 'allow_future_returns': False, 'ignore_infeasible_days': False, 'allow_policy_change': False, 'risk_aversion_lambda': 3.0, 'objective_return_weight': 1.0, 'max_weight': 0.18, 'turnover_cap': 0.35, 'asset_class_cap': 0.55, 'min_cash_buffer': 0.0, 'rebalance_frequency': 'W-FRI', 'momentum_window': 20, 'volatility_penalty': 0.5, 'universe_token': 'fixed'}",0.024158309778185005,0.024158309778185005,0.23642202291592085,0.24822117266246224,0.17279599107360302,-0.1398082769634088,117.0,-0.018680636967423017,0.1389944935983783,0.14593131286624828,0.07473061536751902,0.010415143840768493,0.013743165937416512,0.002508393145296808,0.0,1.0,1.0,0.01468020874050841,0.01468020874050841,0.05795082050849125,1.3574536539581437,0.0,0.000269601606749922,7.742787855241733e-05,-0.002603794566118175,252.0,0.022162880888352943,0.04518347181142657,0.5579564608612139,0.5365961273680447,0.4748072644483196,-0.09516171127652273,103.0,-0.01055231873751435,0.08922287862153232,0.08580714535869886,0.08049673948137627,0.005031046217586016,0.017131834670766927,0.004896739481376275,0.0,1.0,1.0,0.032655026543347294,0.032655026543347294,0.05746473560207936,1.4889474390553237,0.0,0.0,0.00018998671087675932,0.0,125.0,True
Same-Budget Safe Configuration Search,0,6,Same-Budget Safe Configuration Search-0-0,0.036297342017204665,0.0313516882617095,0.021200453774712715,True,VALID_SELECTED,True,VALID,True,True,True,"{'covariance_estimator': 'sample_then_diagonal', 'solver': 'projected_closed_form', 'solver_tolerance': 1e-08, 'retry_policy': 'retry_then_fallback', 'fallback_policy': 'previous_weights', 'constraint_repair': 'clip_scale_turnover', 'missing_policy': 'past_only_impute', 'stale_policy': 'stale_asset_to_cash', 'turnover_enforcement': 'scale_trades', 'cost_accounting': 'strict', 'exposure_monitoring': 'full_audit', 'retain_failed_rebalance': True, 'allow_future_returns': False, 'ignore_infeasible_days': False, 'allow_policy_change': False, 'risk_aversion_lambda': 3.0, 'objective_return_weight': 1.0, 'max_weight': 0.18, 'turnover_cap': 0.35, 'asset_class_cap': 0.55, 'min_cash_buffer': 0.0, 'rebalance_frequency': 'W-FRI', 'momentum_window': 20, 'volatility_penalty': 0.5, 'universe_token': 'fixed'}",0.041781775179033476,0.041781775179033476,0.3428569205797604,0.3712787560812512,0.2964747610225223,-0.14092860732876833,118.0,-0.0191436338095176,0.1420356538367638,0.15380999393720252,0.07477805370579041,0.01043008691732398,0.0313516882617095,0.002555831483568195,0.0,1.0,1.0,0.008432056306597694,0.008432056306597694,0.058754322966121104,1.3514632558992066,0.0,0.0003630933191391164,0.00014030771254511397,-0.002288256347293974,252.0,0.026228676232199488,0.05358165136713855,0.6217993905331961,0.6114195426051727,0.5474118804309471,-0.09788178386803859,103.0,-0.011186273391308704,0.09207860293057726,0.09054151249530895,0.08045155931978835,0.005028222457486773,0.021200453774712715,0.004851559319788381,0.0,1.0,1.0,0.030670566367772895,0.030670566367772895,0.055535750655542,1.4795193303227225,0.0,0.0,0.00022340737018863835,0.0,125.0,True
Random Legal Harness Patch,0,6,Random Legal Harness Patch-0-1,0.0,0.0313516882617095,0.021200453774712715,True,VALID_SELECTED,True,VALID,True,True,True,"{'covariance_estimator': 'sample_then_diagonal', 'solver': 'projected_closed_form', 'solver_tolerance': 1e-08, 'retry_policy': 'retry_then_fallback', 'fallback_policy': 'previous_weights', 'constraint_repair': 'clip_scale_turnover', 'missing_policy': 'past_only_impute', 'stale_policy': 'stale_asset_to_cash', 'turnover_enforcement': 'scale_trades', 'cost_accounting': 'conservative', 'exposure_monitoring': 'full_audit', 'retain_failed_rebalance': True, 'allow_future_returns': False, 'ignore_infeasible_days': False, 'allow_policy_change': False, 'risk_aversion_lambda': 3.0, 'objective_return_weight': 1.0, 'max_weight': 0.18, 'turnover_cap': 0.35, 'asset_class_cap': 0.55, 'min_cash_buffer': 0.0, 'rebalance_frequency': 'W-FRI', 'momentum_window': 20, 'volatility_penalty': 0.5, 'universe_token': 'fixed'}",0.041781775179033476,0.041781775179033476,0.3428569205797604,0.3712787560812512,0.2964747610225223,-0.14092860732876833,118.0,-0.0191436338095176,0.1420356538367638,0.15380999393720252,0.07477805370579041,0.01043008691732398,0.0313516882617095,0.002555831483568195,0.0,1.0,1.0,0.008432056306597694,0.008432056306597694,0.058754322966121104,1.3514632558992066,0.0,0.0003630933191391164,0.00014030771254511397,-0.002288256347293974,252.0,0.026228676232199488,0.05358165136713855,0.6217993905331961,0.6114195426051727,0.5474118804309471,-0.09788178386803859,103.0,-0.011186273391308704,0.09207860293057726,0.09054151249530895,0.08045155931978835,0.005028222457486773,0.021200453774712715,0.004851559319788381,0.0,1.0,1.0,0.030670566367772895,0.030670566367772895,0.055535750655542,1.4795193303227225,0.0,0.0,0.00022340737018863835,0.0,125.0,True
TASE Typed Portfolio Harness Reconstruction,0,6,TASE Typed Portfolio Harness Reconstruction-0-3,0.036297342017204665,0.0313516882617095,0.021200453774712715,True,VALID_SELECTED,True,VALID,True,True,True,"{'covariance_estimator': 'sample_then_diagonal', 'solver': 'projected_closed_form', 'solver_tolerance': 1e-08, 'retry_policy': 'retry_then_fallback', 'fallback_policy': 'previous_weights', 'constraint_repair': 'clip_scale_turnover', 'missing_policy': 'past_only_impute', 'stale_policy': 'stale_asset_to_cash', 'turnover_enforcement': 'scale_trades', 'cost_accounting': 'strict', 'exposure_monitoring': 'full_audit', 'retain_failed_rebalance': True, 'allow_future_returns': False, 'ignore_infeasible_days': False, 'allow_policy_change': False, 'risk_aversion_lambda': 3.0, 'objective_return_weight': 1.0, 'max_weight': 0.18, 'turnover_cap': 0.35, 'asset_class_cap': 0.55, 'min_cash_buffer': 0.0, 'rebalance_frequency': 'W-FRI', 'momentum_window': 20, 'volatility_penalty': 0.5, 'universe_token': 'fixed'}",0.041781775179033476,0.041781775179033476,0.3428569205797604,0.3712787560812512,0.2964747610225223,-0.14092860732876833,118.0,-0.0191436338095176,0.1420356538367638,0.15380999393720252,0.07477805370579041,0.01043008691732398,0.0313516882617095,0.002555831483568195,0.0,1.0,1.0,0.008432056306597694,0.008432056306597694,0.058754322966121104,1.3514632558992066,0.0,0.0003630933191391164,0.00014030771254511397,-0.002288256347293974,252.0,0.026228676232199488,0.05358165136713855,0.6217993905331961,0.6114195426051727,0.5474118804309471,-0.09788178386803859,103.0,-0.011186273391308704,0.09207860293057726,0.09054151249530895,0.08045155931978835,0.005028222457486773,0.021200453774712715,0.004851559319788381,0.0,1.0,1.0,0.030670566367772895,0.030670566367772895,0.055535750655542,1.4795193303227225,0.0,0.0,0.00022340737018863835,0.0,125.0,True
Unconstrained Portfolio Harness Search,0,6,,,,,False,NO_VALID_CANDIDATE,False,NO_VALID_CANDIDATE,,,,,,,,,,,,,,,,,,,,,,,,,,,,,,,,,,,,,,,,,,,,,,,,,,,,,,,,,False
Portfolio Strategy Tuning Baseline,0,6,Portfolio Strategy Tuning Baseline-0-4,0.09469922628978218,0.08337831509476878,0.0429879936640198,False,STRATEGY_SELECTED,False,POLICY_SPECIFICATION_CHANGED;CLEAN_PANEL_W_STAR_CHANGED,False,False,True,"{'covariance_estimator': 'ledoit_wolf_0_20', 'solver': 'projected_closed_form', 'solver_tolerance': 1e-08, 'retry_policy': 'retry_then_fallback', 'fallback_policy': 'previous_weights', 'constraint_repair': 'clip_scale_turnover', 'missing_policy': 'past_only_impute', 'stale_policy': 'stale_asset_to_cash', 'turnover_enforcement': 'scale_trades', 'cost_accounting': 'conservative', 'exposure_monitoring': 'full_audit', 'retain_failed_rebalance': True, 'allow_future_returns': False, 'ignore_infeasible_days': False, 'allow_policy_change': True, 'risk_aversion_lambda': 1.0, 'objective_return_weight': 1.0, 'max_weight': 0.18, 'turnover_cap': 0.35, 'asset_class_cap': 0.55, 'min_cash_buffer': 0.0, 'rebalance_frequency': 'M', 'momentum_window': 20, 'volatility_penalty': 0.5, 'universe_token': 'fixed'}",0.08615694436792687,0.08615694436792687,0.657250535444273,0.7023765759243088,0.6756057137385513,-0.12752548212057935,113.0,-0.017630998785187344,0.13177006202381786,0.14081723784532435,0.016321045311612953,0.0027786292731580807,0.08337831509476878,0.0024321564227240675,0.0,1.0,1.0,0.02643273392148447,0.02643273392148447,0.03563327821692491,1.393608673437103,0.0,0.00033996089954644617,0.00037951295867241503,-0.0018520512881063718,252.0,0.04416768492543932,0.0910403713176966,0.9927908966078975,0.9852552516715475,1.077616964148045,-0.08448305320589711,95.0,-0.010721503221634269,0.09274653480900986,0.09204255478886111,0.018875060182712317,0.00117969126141952,0.0429879936640198,0.0048750601827123215,0.0,1.0,1.0,0.034659506190336614,0.034659506190336614,0.03327510104919308,1.4723280564006802,0.0,0.0,0.00036261512101156725,0.0,125.0,True
Equal Weight ETF Portfolio,0,6,Equal Weight ETF Portfolio-0-6,,,0.05917403703431229,True,PASSIVE,True,PASSIVE,,,,,,,,,,,,,,,,,,,,,,,,,,,,,,,0.05967403703431229,0.12395091296533578,1.2026231734579507,1.2765097731847515,1.3264194360959738,-0.09344775083374701,94.0,-0.011499000086356879,0.09558525753795473,0.10145781165079712,0.008,0.0005,0.05917403703431229,0.0052,0.0,1.0,1.0,0.0,0.0,0.025641025641025616,1.4769100833030935,0.0,0.0,0.00048418855325230414,0.0,125.0,True
Risk Parity Fixed Portfolio,0,6,Risk Parity Fixed Portfolio-0-6,,,0.05237837508175386,True,PASSIVE,True,PASSIVE,,,,,,,,,,,,,,,,,,,,,,,,,,,,,,,0.05287837508175386,0.10946718885389628,1.3641453291411512,1.46046250832809,1.5457813242734681,-0.07081673658164223,94.0,-0.008564913685489478,0.07324454059458164,0.07841606256530519,0.007999999999999998,0.0004999999999999999,0.05237837508175386,0.005199999999999999,0.0,1.0,1.0,1.1102230246251565e-16,1.1102230246251565e-16,0.05096194099190634,1.4475748555023766,0.0,0.0,0.00042448772015119576,0.0,125.0,True
60/40 Portfolio,0,6,60/40 Portfolio-0-6,,,0.058282243659523336,True,PASSIVE,True,PASSIVE,,,,,,,,,,,,,,,,,,,,,,,,,,,,,,,0.05878224365952334,0.12204481985385862,1.3465888048205505,1.3606089458209578,1.4783732686127486,-0.08255345415463378,94.0,-0.01058819463507867,0.08752429692408224,0.08843556469895483,0.008,0.0005,0.058282243659523336,0.6951999999999999,0.0,1.0,1.0,0.0,0.0,0.5199999999999999,1.1842168264070208,0.049999999999999926,0.0,0.00047256484671268274,0.0,125.0,True
